sex,agegrp,activity,b0,b1,b2,b3,b4,b5,b6,b7,b8,b9,b10,b11,b12,b13,b14,b15,b16,b17,b18,b19,b20,b21,b22,b23,b24,b25,b26,b27,b28,b29,b30,b31,b32,b33,b34,b35,b36,b37,b38,b39,b40,b41,b42,b43,b44,b45,b46,b47
male,0,060000,0.002,0.0,0.0,0.0,0.0,0.0,0.0,0.0,0.001,0.001,0.002,0.003,0.005,0.018,0.081,0.127,0.163,0.201,0.207,0.206,0.203,0.206,0.207,0.186,0.164,0.172,0.193,0.191,0.181,0.136,0.111,0.087,0.068,0.06,0.036,0.036,0.036,0.041,0.041,0.051,0.041,0.043,0.037,0.026,0.018,0.009,0.011,0.003
male,0,150000,0.0,0.0,0.0,0.0,0.0,0.0,0.0,0.0,0.0,0.0,0.0,0.0,0.001,0.001,0.001,0.002,0.004,0.004,0.003,0.007,0.01,0.008,0.01,0.007,0.003,0.003,0.005,0.009,0.004,0.012,0.008,0.01,0.009,0.011,0.005,0.009,0.018,0.024,0.021,0.019,0.011,0.004,0.003,0.001,0.0,0.0,0.0,0.0
male,0,040000,0.004,0.0,0.001,0.0,0.002,0.003,0.001,0.0,0.0,0.0,0.001,0.001,0.0,0.009,0.0,0.0,0.001,0.0,0.004,0.001,0.009,0.013,0.015,0.012,0.01,0.009,0.005,0.014,0.007,0.028,0.023,0.023,0.021,0.011,0.008,0.004,0.002,0.002,0.005,0.009,0.004,0.004,0.017,0.004,0.002,0.004,0.002,0.003
male,0,020000,0.003,0.002,0.002,0.002,0.003,0.0,0.001,0.0,0.003,0.01,0.006,0.018,0.018,0.026,0.026,0.018,0.029,0.022,0.052,0.031,0.043,0.049,0.052,0.062,0.055,0.051,0.038,0.028,0.048,0.046,0.058,0.047,0.044,0.063,0.075,0.054,0.053,0.057,0.039,0.04,0.036,0.033,0.034,0.032,0.026,0.006,0.014,0.004
male,0,130000,0.005,0.003,0.003,0.003,0.004,0.0,0.0,0.0,0.003,0.002,0.0,0.004,0.011,0.011,0.008,0.01,0.017,0.013,0.025,0.024,0.035,0.025,0.032,0.037,0.041,0.045,0.048,0.036,0.043,0.072,0.077,0.085,0.088,0.073,0.067,0.063,0.07,0.088,0.082,0.076,0.069,0.049,0.037,0.02,0.015,0.007,0.006,0.008
male,0,140000,0.002,0.0,0.0,0.0,0.0,0.0,0.0,0.0,0.0,0.0,0.0,0.0,0.005,0.0,0.003,0.001,0.01,0.002,0.005,0.006,0.011,0.013,0.013,0.012,0.009,0.005,0.004,0.004,0.001,0.002,0.002,0.002,0.003,0.003,0.011,0.005,0.006,0.008,0.008,0.005,0.002,0.0,0.006,0.002,0.005,0.002,0.002,0.002
male,0,160000,0.007,0.012,0.009,0.005,0.001,0.001,0.0,0.0,0.001,0.001,0.001,0.0,0.0,0.0,0.0,0.003,0.005,0.005,0.005,0.007,0.002,0.0,0.004,0.004,0.004,0.002,0.002,0.0,0.0,0.003,0.008,0.009,0.01,0.006,0.012,0.014,0.015,0.01,0.013,0.012,0.005,0.012,0.012,0.014,0.015,0.012,0.011,0.008
male,0,120000,0.156,0.129,0.08,0.073,0.048,0.048,0.028,0.023,0.017,0.017,0.019,0.022,0.035,0.044,0.085,0.092,0.065,0.062,0.105,0.139,0.188,0.226,0.225,0.247,0.293,0.287,0.296,0.303,0.325,0.324,0.324,0.341,0.369,0.403,0.392,0.398,0.405,0.387,0.466,0.483,0.505,0.549,0.508,0.517,0.441,0.382,0.304,0.23
male,0,080000,0.0,0.0,0.0,0.0,0.0,0.0,0.0,0.0,0.0,0.0,0.0,0.0,0.0,0.0,0.0,0.005,0.008,0.009,0.006,0.002,0.001,0.001,0.006,0.002,0.006,0.0,0.0,0.002,0.014,0.013,0.015,0.018,0.006,0.001,0.0,0.0,0.0,0.0,0.0,0.0,0.0,0.0,0.0,0.0,0.0,0.0,0.001,0.0
male,0,010101,0.793,0.825,0.884,0.907,0.931,0.934,0.953,0.949,0.927,0.921,0.895,0.867,0.769,0.733,0.608,0.551,0.487,0.453,0.328,0.315,0.193,0.171,0.113,0.112,0.054,0.053,0.051,0.051,0.044,0.044,0.037,0.04,0.044,0.046,0.049,0.054,0.055,0.062,0.063,0.073,0.099,0.117,0.186,0.256,0.367,0.48,0.575,0.676
male,0,070000,0.003,0.0,0.0,0.0,0.0,0.001,0.0,0.0,0.0,0.0,0.0,0.002,0.004,0.002,0.002,0.003,0.003,0.013,0.015,0.011,0.014,0.026,0.025,0.022,0.035,0.028,0.03,0.02,0.016,0.014,0.015,0.016,0.019,0.027,0.023,0.033,0.022,0.038,0.006,0.006,0.022,0.013,0.008,0.007,0.002,0.001,0.003,0.003
male,0,050000,0.011,0.011,0.014,0.012,0.009,0.008,0.009,0.012,0.033,0.036,0.043,0.043,0.057,0.064,0.085,0.12,0.144,0.16,0.162,0.16,0.181,0.2,0.196,0.183,0.187,0.193,0.205,0.206,0.199,0.21,0.204,0.194,0.183,0.197,0.157,0.136,0.134,0.131,0.117,0.114,0.091,0.099,0.087,0.065,0.056,0.037,0.027,0.022
male,0,030000,0.0,0.0,0.0,0.0,0.0,0.0,0.0,0.0,0.0,0.0,0.0,0.003,0.002,0.01,0.003,0.003,0.015,0.0,0.0,0.003,0.009,0.004,0.005,0.002,0.01,0.006,0.007,0.011,0.014,0.014,0.018,0.017,0.021,0.035,0.027,0.016,0.023,0.015,0.011,0.006,0.005,0.008,0.006,0.013,0.006,0.0,0.0,0.002
male,0,500106,0.0,0.0,0.0,0.0,0.0,0.001,0.0,0.0,0.0,0.0,0.003,0.008,0.002,0.0,0.001,0.001,0.001,0.0,0.0,0.001,0.001,0.001,0.001,0.007,0.006,0.006,0.006,0.008,0.002,0.008,0.0,0.0,0.0,0.0,0.0,0.001,0.003,0.003,0.0,0.0,0.004,0.001,0.001,0.001,0.001,0.001,0.001,0.001
male,0,010000,0.042,0.01,0.009,0.01,0.003,0.006,0.003,0.01,0.012,0.003,0.024,0.039,0.085,0.078,0.101,0.068,0.041,0.034,0.076,0.044,0.096,0.052,0.051,0.044,0.047,0.054,0.037,0.042,0.02,0.004,0.015,0.032,0.046,0.03,0.054,0.032,0.03,0.042,0.035,0.031,0.054,0.034,0.054,0.06,0.098,0.055,0.053,0.044
male,0,110000,0.013,0.001,0.0,0.0,0.002,0.002,0.007,0.004,0.007,0.013,0.015,0.01,0.022,0.042,0.066,0.063,0.047,0.036,0.077,0.058,0.064,0.047,0.067,0.078,0.142,0.118,0.077,0.049,0.064,0.051,0.069,0.048,0.078,0.049,0.123,0.112,0.114,0.102,0.13,0.1,0.083,0.045,0.06,0.038,0.043,0.032,0.012,0.003
male,0,other,0.0,0.001,0.001,0.001,0.003,0.0,0.001,0.001,0.004,0.004,0.004,0.004,0.007,0.005,0.004,0.006,0.005,0.006,0.011,0.009,0.014,0.018,0.018,0.016,0.006,0.008,0.008,0.011,0.012,0.013,0.013,0.022,0.02,0.01,0.019,0.016,0.022,0.016,0.008,0.005,0.0,0.009,0.005,0.005,0.011,0.017,0.013,0.003
male,0,180000,0.032,0.021,0.013,0.023,0.008,0.007,0.016,0.006,0.007,0.013,0.013,0.028,0.078,0.125,0.11,0.119,0.123,0.066,0.08,0.063,0.096,0.079,0.088,0.079,0.17,0.1,0.145,0.124,0.126,0.17,0.206,0.146,0.179,0.183,0.234,0.176,0.164,0.13,0.125,0.087,0.14,0.085,0.109,0.083,0.08,0.064,0.038,0.034
male,1,060000,0.005,0.004,0.002,0.002,0.0,0.0,0.0,0.0,0.0,0.0,0.0,0.0,0.0,0.001,0.003,0.005,0.004,0.01,0.02,0.023,0.026,0.026,0.027,0.027,0.014,0.024,0.016,0.016,0.023,0.013,0.021,0.022,0.02,0.024,0.019,0.025,0.024,0.028,0.022,0.017,0.021,0.022,0.01,0.004,0.012,0.012,0.005,0.005
male,1,150000,0.0,0.0,0.001,0.0,0.0,0.0,0.0,0.0,0.0,0.0,0.0,0.0,0.0,0.0,0.0,0.003,0.001,0.001,0.008,0.009,0.004,0.004,0.006,0.004,0.008,0.006,0.003,0.002,0.003,0.003,0.002,0.003,0.004,0.007,0.006,0.01,0.01,0.006,0.005,0.007,0.008,0.005,0.006,0.003,0.0,0.001,0.001,0.002
male,1,040000,0.001,0.002,0.001,0.001,0.001,0.001,0.001,0.001,0.002,0.002,0.002,0.005,0.002,0.004,0.005,0.005,0.004,0.006,0.006,0.006,0.007,0.006,0.009,0.01,0.004,0.005,0.008,0.005,0.009,0.008,0.006,0.009,0.014,0.011,0.004,0.003,0.011,0.007,0.01,0.009,0.011,0.01,0.008,0.003,0.003,0.003,0.002,0.001
male,1,020000,0.009,0.002,0.002,0.002,0.002,0.002,0.002,0.004,0.008,0.016,0.02,0.017,0.057,0.046,0.062,0.053,0.059,0.072,0.091,0.089,0.094,0.087,0.095,0.107,0.093,0.091,0.097,0.09,0.091,0.093,0.088,0.081,0.091,0.105,0.121,0.138,0.143,0.145,0.112,0.101,0.082,0.045,0.041,0.043,0.026,0.038,0.013,0.01
male,1,130000,0.004,0.001,0.001,0.002,0.001,0.001,0.0,0.0,0.004,0.004,0.007,0.01,0.013,0.017,0.016,0.013,0.009,0.01,0.016,0.019,0.02,0.027,0.032,0.024,0.033,0.045,0.044,0.032,0.036,0.038,0.037,0.027,0.032,0.037,0.033,0.033,0.032,0.035,0.035,0.019,0.024,0.023,0.017,0.006,0.007,0.007,0.007,0.004
male,1,140000,0.0,0.0,0.0,0.0,0.0,0.0,0.001,0.0,0.0,0.0,0.002,0.0,0.001,0.0,0.002,0.001,0.004,0.006,0.006,0.008,0.013,0.013,0.012,0.013,0.006,0.006,0.005,0.003,0.003,0.003,0.001,0.002,0.002,0.003,0.003,0.003,0.004,0.005,0.009,0.01,0.01,0.01,0.005,0.001,0.002,0.0,0.001,0.003
male,1,160000,0.001,0.001,0.001,0.0,0.0,0.0,0.0,0.0,0.0,0.0,0.0,0.0,0.0,0.0,0.0,0.0,0.001,0.004,0.012,0.002,0.003,0.002,0.009,0.003,0.003,0.0,0.002,0.001,0.003,0.015,0.005,0.004,0.001,0.004,0.012,0.007,0.007,0.004,0.011,0.007,0.009,0.008,0.003,0.006,0.01,0.005,0.005,0.006
male,1,120000,0.075,0.06,0.047,0.04,0.027,0.019,0.02,0.016,0.008,0.006,0.007,0.015,0.019,0.047,0.047,0.054,0.075,0.078,0.108,0.102,0.139,0.144,0.151,0.161,0.178,0.194,0.196,0.208,0.203,0.228,0.22,0.238,0.23,0.262,0.312,0.318,0.304,0.373,0.408,0.466,0.498,0.523,0.512,0.501,0.4,0.302,0.195,0.14
male,1,080000,0.0,0.0,0.0,0.0,0.0,0.0,0.0,0.0,0.0,0.0,0.0,0.0,0.0,0.0,0.0,0.002,0.001,0.003,0.003,0.005,0.002,0.002,0.006,0.005,0.007,0.003,0.002,0.002,0.004,0.007,0.003,0.004,0.004,0.002,0.002,0.003,0.002,0.002,0.001,0.0,0.0,0.0,0.0,0.0,0.0,0.002,0.0,0.0
male,1,010101,0.835,0.864,0.895,0.905,0.915,0.934,0.928,0.928,0.895,0.877,0.824,0.775,0.661,0.589,0.456,0.395,0.285,0.245,0.14,0.125,0.075,0.076,0.054,0.055,0.05,0.053,0.059,0.063,0.06,0.057,0.055,0.053,0.033,0.028,0.033,0.035,0.029,0.028,0.031,0.036,0.066,0.093,0.165,0.254,0.424,0.552,0.677,0.749
male,1,070000,0.0,0.0,0.0,0.002,0.001,0.001,0.001,0.001,0.0,0.001,0.005,0.001,0.007,0.006,0.004,0.006,0.008,0.006,0.017,0.027,0.032,0.024,0.028,0.041,0.052,0.035,0.026,0.024,0.022,0.031,0.023,0.035,0.026,0.034,0.037,0.026,0.039,0.016,0.018,0.015,0.01,0.009,0.011,0.005,0.007,0.002,0.001,0.001
male,1,050000,0.058,0.053,0.048,0.045,0.045,0.038,0.039,0.043,0.046,0.064,0.079,0.108,0.146,0.192,0.246,0.316,0.401,0.447,0.461,0.477,0.48,0.493,0.469,0.443,0.321,0.406,0.439,0.473,0.466,0.444,0.44,0.424,0.387,0.301,0.244,0.198,0.156,0.147,0.108,0.106,0.108,0.113,0.116,0.099,0.073,0.064,0.077,0.071
male,1,030000,0.005,0.001,0.002,0.001,0.002,0.002,0.001,0.001,0.002,0.005,0.005,0.005,0.023,0.035,0.043,0.042,0.031,0.027,0.036,0.022,0.024,0.03,0.029,0.019,0.026,0.025,0.028,0.019,0.034,0.041,0.042,0.045,0.057,0.066,0.059,0.051,0.055,0.046,0.069,0.083,0.086,0.069,0.056,0.04,0.021,0.006,0.001,0.001
male,1,500106,0.0,0.0,0.0,0.0,0.0,0.0,0.0,0.0,0.001,0.0,0.0,0.0,0.002,0.008,0.006,0.004,0.002,0.006,0.003,0.0,0.001,0.001,0.001,0.0,0.002,0.002,0.0,0.0,0.001,0.001,0.003,0.003,0.007,0.006,0.005,0.005,0.002,0.001,0.001,0.001,0.002,0.004,0.004,0.003,0.0,0.001,0.0,0.0
male,1,010000,0.011,0.012,0.013,0.004,0.008,0.016,0.011,0.012,0.033,0.032,0.043,0.049,0.099,0.085,0.104,0.089,0.075,0.04,0.052,0.05,0.043,0.032,0.02,0.023,0.027,0.017,0.012,0.018,0.019,0.025,0.015,0.024,0.028,0.018,0.049,0.033,0.026,0.033,0.031,0.047,0.04,0.045,0.07,0.053,0.073,0.044,0.042,0.028
male,1,110000,0.012,0.006,0.004,0.001,0.005,0.003,0.003,0.004,0.005,0.003,0.018,0.017,0.038,0.03,0.051,0.036,0.088,0.058,0.078,0.04,0.055,0.044,0.055,0.101,0.24,0.127,0.082,0.065,0.045,0.033,0.037,0.03,0.039,0.057,0.081,0.103,0.16,0.152,0.157,0.141,0.103,0.055,0.039,0.034,0.027,0.011,0.006,0.01
male,1,other,0.0,0.002,0.0,0.0,0.0,0.0,0.0,0.0,0.003,0.005,0.003,0.005,0.004,0.004,0.01,0.011,0.009,0.014,0.016,0.013,0.011,0.014,0.015,0.018,0.014,0.005,0.005,0.007,0.009,0.014,0.012,0.012,0.016,0.021,0.018,0.015,0.017,0.014,0.007,0.008,0.011,0.01,0.004,0.005,0.005,0.002,0.0,0.001
male,1,180000,0.022,0.011,0.01,0.01,0.016,0.012,0.006,0.004,0.023,0.038,0.06,0.062,0.093,0.105,0.135,0.163,0.12,0.087,0.092,0.092,0.1,0.066,0.09,0.109,0.138,0.125,0.118,0.089,0.082,0.129,0.13,0.147,0.182,0.217,0.226,0.169,0.197,0.137,0.137,0.119,0.092,0.063,0.073,0.063,0.058,0.037,0.039,0.025
male,2,060000,0.001,0.0,0.001,0.0,0.0,0.0,0.0,0.0,0.0,0.0,0.0,0.001,0.001,0.001,0.003,0.003,0.003,0.005,0.006,0.005,0.005,0.006,0.006,0.002,0.002,0.004,0.006,0.006,0.006,0.007,0.009,0.007,0.007,0.006,0.005,0.006,0.007,0.01,0.005,0.006,0.009,0.007,0.004,0.007,0.007,0.006,0.003,0.001
male,2,150000,0.0,0.0,0.0,0.0,0.0,0.0,0.0,0.0,0.0,0.0,0.0,0.0,0.0,0.0,0.001,0.003,0.006,0.005,0.004,0.007,0.006,0.008,0.006,0.004,0.004,0.007,0.008,0.012,0.013,0.008,0.006,0.007,0.012,0.014,0.019,0.015,0.016,0.017,0.021,0.016,0.019,0.014,0.008,0.006,0.003,0.002,0.001,0.0
male,2,040000,0.0,0.003,0.0,0.0,0.0,0.0,0.0,0.0,0.0,0.002,0.005,0.0,0.007,0.007,0.007,0.007,0.008,0.007,0.007,0.007,0.008,0.007,0.01,0.009,0.008,0.009,0.007,0.01,0.008,0.01,0.014,0.007,0.012,0.014,0.017,0.014,0.013,0.009,0.006,0.01,0.004,0.007,0.006,0.004,0.002,0.001,0.002,0.001
male,2,020000,0.003,0.002,0.003,0.003,0.011,0.005,0.004,0.008,0.034,0.025,0.018,0.046,0.052,0.077,0.067,0.072,0.082,0.085,0.091,0.094,0.091,0.103,0.101,0.112,0.122,0.101,0.109,0.108,0.111,0.091,0.109,0.106,0.126,0.126,0.139,0.163,0.141,0.137,0.127,0.111,0.096,0.08,0.073,0.049,0.023,0.017,0.01,0.005
male,2,130000,0.002,0.002,0.006,0.005,0.003,0.003,0.003,0.003,0.007,0.009,0.02,0.019,0.02,0.018,0.016,0.018,0.023,0.024,0.025,0.029,0.031,0.018,0.017,0.021,0.016,0.018,0.02,0.018,0.018,0.024,0.027,0.024,0.027,0.034,0.033,0.022,0.023,0.02,0.028,0.03,0.024,0.023,0.015,0.008,0.007,0.004,0.004,0.003
male,2,140000,0.0,0.0,0.0,0.0,0.0,0.0,0.002,0.0,0.0,0.0,0.0,0.001,0.003,0.001,0.001,0.0,0.003,0.009,0.012,0.009,0.013,0.014,0.01,0.009,0.006,0.002,0.001,0.003,0.0,0.001,0.001,0.002,0.001,0.003,0.003,0.006,0.01,0.01,0.005,0.005,0.005,0.006,0.005,0.009,0.0,0.009,0.006,0.003
male,2,160000,0.005,0.001,0.0,0.002,0.0,0.0,0.0,0.0,0.0,0.0,0.0,0.0,0.0,0.0,0.0,0.0,0.001,0.0,0.001,0.001,0.0,0.003,0.001,0.002,0.012,0.004,0.003,0.002,0.004,0.0,0.001,0.001,0.002,0.009,0.002,0.003,0.001,0.003,0.005,0.004,0.018,0.015,0.01,0.01,0.012,0.013,0.007,0.002
male,2,120000,0.091,0.08,0.058,0.032,0.032,0.024,0.014,0.018,0.013,0.016,0.014,0.022,0.055,0.056,0.058,0.078,0.079,0.072,0.092,0.109,0.115,0.126,0.131,0.124,0.147,0.17,0.179,0.18,0.194,0.168,0.172,0.205,0.225,0.226,0.236,0.272,0.322,0.313,0.377,0.431,0.476,0.492,0.49,0.46,0.369,0.283,0.193,0.145
male,2,080000,0.001,0.0,0.0,0.0,0.0,0.0,0.0,0.0,0.0,0.0,0.001,0.0,0.001,0.001,0.001,0.0,0.0,0.0,0.008,0.002,0.003,0.0,0.001,0.003,0.008,0.0,0.003,0.002,0.002,0.002,0.005,0.004,0.002,0.003,0.0,0.0,0.001,0.003,0.001,0.0,0.0,0.0,0.0,0.0,0.0,0.0,0.0,0.0
male,2,010101,0.837,0.859,0.892,0.916,0.927,0.935,0.939,0.933,0.89,0.867,0.811,0.745,0.596,0.494,0.375,0.308,0.209,0.18,0.109,0.098,0.06,0.051,0.037,0.035,0.033,0.034,0.031,0.035,0.036,0.04,0.03,0.023,0.02,0.015,0.017,0.019,0.015,0.019,0.022,0.028,0.055,0.103,0.19,0.281,0.434,0.561,0.693,0.77
male,2,070000,0.003,0.001,0.0,0.001,0.001,0.001,0.005,0.0,0.0,0.0,0.003,0.0,0.004,0.002,0.005,0.009,0.014,0.026,0.018,0.025,0.027,0.032,0.032,0.032,0.047,0.03,0.03,0.027,0.033,0.039,0.041,0.03,0.04,0.045,0.039,0.027,0.027,0.025,0.024,0.022,0.012,0.007,0.005,0.013,0.006,0.003,0.001,0.0
male,2,050000,0.03,0.033,0.031,0.025,0.019,0.021,0.016,0.021,0.027,0.046,0.066,0.092,0.135,0.185,0.265,0.354,0.42,0.469,0.511,0.524,0.534,0.543,0.518,0.493,0.41,0.444,0.468,0.493,0.511,0.512,0.482,0.459,0.409,0.358,0.289,0.229,0.175,0.17,0.138,0.106,0.11,0.108,0.097,0.097,0.08,0.068,0.052,0.047
male,2,030000,0.007,0.004,0.004,0.004,0.002,0.001,0.002,0.004,0.011,0.005,0.009,0.014,0.04,0.056,0.074,0.082,0.045,0.043,0.042,0.035,0.032,0.035,0.033,0.039,0.029,0.03,0.026,0.026,0.035,0.049,0.049,0.058,0.054,0.057,0.077,0.074,0.081,0.087,0.105,0.131,0.128,0.094,0.058,0.041,0.028,0.014,0.007,0.007
male,2,500106,0.0,0.0,0.0,0.0,0.001,0.001,0.001,0.001,0.0,0.001,0.002,0.0,0.0,0.001,0.001,0.002,0.003,0.0,0.003,0.002,0.003,0.001,0.005,0.004,0.003,0.002,0.004,0.004,0.004,0.004,0.001,0.001,0.001,0.002,0.001,0.002,0.003,0.004,0.003,0.003,0.002,0.001,0.002,0.002,0.002,0.002,0.002,0.004
male,2,010000,0.02,0.018,0.008,0.008,0.007,0.006,0.007,0.011,0.05,0.031,0.044,0.073,0.109,0.106,0.099,0.06,0.076,0.031,0.047,0.03,0.041,0.029,0.022,0.015,0.019,0.019,0.022,0.02,0.014,0.016,0.026,0.023,0.016,0.018,0.032,0.041,0.041,0.029,0.033,0.045,0.046,0.066,0.078,0.045,0.054,0.044,0.033,0.033
male,2,110000,0.004,0.004,0.004,0.004,0.008,0.004,0.007,0.002,0.006,0.007,0.025,0.024,0.043,0.06,0.06,0.058,0.069,0.049,0.071,0.051,0.034,0.036,0.073,0.101,0.215,0.14,0.093,0.074,0.048,0.032,0.03,0.037,0.034,0.049,0.093,0.103,0.168,0.163,0.139,0.123,0.07,0.05,0.029,0.031,0.02,0.01,0.007,0.004
male,2,other,0.0,0.0,0.0,0.002,0.0,0.0,0.0,0.004,0.001,0.001,0.002,0.001,0.006,0.007,0.009,0.01,0.01,0.003,0.008,0.01,0.012,0.013,0.014,0.013,0.018,0.017,0.015,0.008,0.006,0.008,0.009,0.019,0.007,0.008,0.008,0.007,0.008,0.007,0.011,0.015,0.011,0.009,0.005,0.004,0.003,0.0,0.001,0.001
male,2,180000,0.023,0.013,0.008,0.012,0.011,0.008,0.021,0.015,0.023,0.046,0.059,0.059,0.097,0.16,0.199,0.176,0.142,0.133,0.089,0.081,0.092,0.106,0.102,0.108,0.193,0.122,0.12,0.105,0.104,0.134,0.14,0.149,0.19,0.224,0.226,0.221,0.211,0.135,0.156,0.13,0.093,0.06,0.06,0.056,0.055,0.038,0.031,0.017
male,3,060000,0.0,0.0,0.0,0.0,0.0,0.0,0.0,0.0,0.0,0.0,0.0,0.0,0.0,0.002,0.002,0.002,0.002,0.002,0.002,0.002,0.002,0.002,0.002,0.001,0.0,0.001,0.003,0.004,0.003,0.003,0.001,0.001,0.002,0.002,0.001,0.001,0.0,0.001,0.001,0.001,0.0,0.0,0.002,0.002,0.001,0.001,0.0,0.001
male,3,150000,0.0,0.0,0.0,0.0,0.0,0.0,0.0,0.0,0.0,0.0,0.0,0.0,0.0,0.0,0.001,0.003,0.004,0.004,0.006,0.007,0.012,0.014,0.011,0.011,0.012,0.009,0.007,0.007,0.004,0.005,0.004,0.006,0.002,0.003,0.008,0.012,0.017,0.017,0.011,0.012,0.008,0.008,0.008,0.007,0.006,0.002,0.0,0.002
male,3,040000,0.0,0.0,0.0,0.0,0.001,0.0,0.0,0.001,0.0,0.0,0.003,0.0,0.001,0.001,0.003,0.002,0.006,0.005,0.009,0.009,0.01,0.009,0.01,0.013,0.015,0.011,0.011,0.014,0.015,0.015,0.014,0.024,0.015,0.01,0.013,0.017,0.013,0.011,0.009,0.01,0.009,0.007,0.006,0.002,0.005,0.001,0.0,0.0
male,3,020000,0.006,0.009,0.001,0.001,0.0,0.001,0.0,0.01,0.038,0.027,0.064,0.07,0.068,0.065,0.103,0.095,0.104,0.131,0.127,0.119,0.124,0.141,0.126,0.126,0.125,0.107,0.103,0.118,0.11,0.096,0.094,0.118,0.149,0.158,0.185,0.166,0.141,0.133,0.112,0.104,0.071,0.064,0.044,0.034,0.016,0.01,0.015,0.012
male,3,130000,0.0,0.0,0.0,0.0,0.0,0.0,0.0,0.0,0.001,0.001,0.003,0.011,0.01,0.013,0.016,0.019,0.022,0.019,0.021,0.018,0.021,0.017,0.017,0.02,0.02,0.022,0.021,0.03,0.027,0.015,0.013,0.015,0.025,0.024,0.02,0.025,0.027,0.02,0.023,0.024,0.011,0.014,0.014,0.008,0.002,0.001,0.0,0.001
male,3,140000,0.0,0.0,0.0,0.0,0.0,0.0,0.0,0.0,0.001,0.003,0.002,0.006,0.005,0.002,0.007,0.005,0.007,0.007,0.006,0.012,0.017,0.018,0.013,0.008,0.005,0.004,0.006,0.005,0.002,0.001,0.003,0.002,0.006,0.006,0.007,0.005,0.002,0.003,0.004,0.004,0.004,0.001,0.001,0.003,0.0,0.0,0.0,0.001
male,3,160000,0.001,0.0,0.0,0.0,0.0,0.0,0.0,0.0,0.001,0.0,0.0,0.0,0.0,0.0,0.002,0.002,0.004,0.002,0.005,0.006,0.004,0.005,0.002,0.001,0.001,0.0,0.0,0.004,0.006,0.001,0.009,0.003,0.005,0.0,0.002,0.005,0.004,0.006,0.011,0.005,0.009,0.002,0.008,0.002,0.002,0.002,0.004,0.002
male,3,120000,0.063,0.059,0.029,0.028,0.022,0.006,0.003,0.015,0.026,0.024,0.044,0.058,0.077,0.101,0.078,0.091,0.104,0.115,0.137,0.143,0.163,0.162,0.182,0.196,0.218,0.203,0.204,0.222,0.233,0.235,0.245,0.252,0.255,0.273,0.327,0.365,0.373,0.451,0.491,0.538,0.592,0.594,0.545,0.526,0.353,0.253,0.162,0.105
male,3,080000,0.002,0.002,0.0,0.0,0.0,0.0,0.0,0.0,0.0,0.0,0.0,0.0,0.0,0.0,0.002,0.001,0.002,0.008,0.007,0.004,0.003,0.003,0.004,0.005,0.004,0.001,0.008,0.006,0.005,0.006,0.009,0.014,0.007,0.003,0.005,0.002,0.014,0.011,0.003,0.003,0.002,0.002,0.002,0.002,0.002,0.002,0.002,0.003
male,3,010101,0.883,0.904,0.927,0.945,0.945,0.953,0.947,0.941,0.9,0.851,0.758,0.666,0.531,0.435,0.32,0.282,0.199,0.164,0.111,0.097,0.061,0.051,0.038,0.039,0.038,0.04,0.043,0.039,0.043,0.037,0.027,0.035,0.036,0.033,0.034,0.027,0.023,0.035,0.035,0.059,0.094,0.136,0.235,0.315,0.514,0.643,0.761,0.825
male,3,070000,0.001,0.001,0.001,0.001,0.001,0.001,0.001,0.002,0.0,0.001,0.0,0.007,0.01,0.003,0.005,0.02,0.026,0.012,0.035,0.033,0.032,0.029,0.041,0.039,0.038,0.035,0.035,0.025,0.031,0.029,0.048,0.041,0.034,0.032,0.04,0.044,0.031,0.033,0.025,0.018,0.014,0.006,0.007,0.004,0.002,0.005,0.001,0.001
male,3,050000,0.026,0.029,0.025,0.021,0.017,0.024,0.022,0.03,0.03,0.038,0.068,0.101,0.157,0.23,0.317,0.368,0.404,0.451,0.458,0.467,0.478,0.477,0.466,0.443,0.348,0.398,0.431,0.452,0.47,0.462,0.442,0.398,0.348,0.296,0.197,0.161,0.125,0.106,0.078,0.072,0.065,0.064,0.058,0.05,0.045,0.046,0.034,0.032
male,3,030000,0.0,0.0,0.0,0.0,0.0,0.0,0.002,0.0,0.011,0.004,0.005,0.01,0.01,0.033,0.041,0.042,0.013,0.016,0.007,0.008,0.007,0.007,0.008,0.007,0.012,0.008,0.008,0.009,0.009,0.023,0.028,0.028,0.02,0.042,0.029,0.031,0.04,0.038,0.031,0.024,0.025,0.025,0.022,0.015,0.013,0.008,0.002,0.0
male,3,500106,0.0,0.0,0.0,0.0,0.0,0.0,0.0,0.0,0.0,0.0,0.0,0.003,0.005,0.004,0.007,0.005,0.008,0.006,0.007,0.004,0.003,0.004,0.003,0.004,0.001,0.0,0.0,0.001,0.0,0.004,0.003,0.0,0.005,0.005,0.004,0.004,0.001,0.002,0.005,0.007,0.004,0.005,0.001,0.001,0.0,0.006,0.003,0.001
male,3,010000,0.015,0.007,0.014,0.005,0.018,0.012,0.014,0.009,0.038,0.053,0.086,0.084,0.107,0.123,0.096,0.077,0.065,0.044,0.052,0.029,0.03,0.021,0.02,0.02,0.011,0.015,0.013,0.015,0.021,0.016,0.017,0.026,0.027,0.034,0.043,0.046,0.033,0.032,0.041,0.045,0.035,0.05,0.069,0.055,0.061,0.037,0.033,0.022
male,3,110000,0.01,0.005,0.004,0.003,0.002,0.002,0.01,0.003,0.005,0.013,0.031,0.036,0.079,0.082,0.067,0.063,0.075,0.04,0.064,0.051,0.074,0.057,0.071,0.095,0.208,0.131,0.113,0.066,0.056,0.051,0.051,0.029,0.045,0.055,0.104,0.11,0.163,0.153,0.171,0.144,0.11,0.061,0.032,0.029,0.025,0.014,0.009,0.009
male,3,other,0.0,0.0,0.0,0.0,0.0,0.0,0.0,0.0,0.002,0.002,0.003,0.001,0.002,0.006,0.007,0.007,0.007,0.005,0.005,0.007,0.008,0.009,0.006,0.008,0.01,0.01,0.009,0.014,0.01,0.008,0.011,0.008,0.016,0.01,0.013,0.012,0.007,0.009,0.007,0.011,0.008,0.008,0.006,0.005,0.004,0.001,0.0,0.0
male,3,180000,0.01,0.01,0.005,0.004,0.005,0.007,0.007,0.014,0.007,0.044,0.072,0.086,0.105,0.149,0.155,0.151,0.105,0.109,0.094,0.083,0.088,0.096,0.095,0.104,0.145,0.135,0.129,0.086,0.112,0.123,0.146,0.144,0.167,0.196,0.237,0.21,0.202,0.145,0.132,0.082,0.083,0.06,0.06,0.031,0.049,0.034,0.019,0.02
male,4,060000,0.0,0.0,0.0,0.0,0.0,0.0,0.0,0.0,0.0,0.0,0.0,0.0,0.0,0.0,0.001,0.001,0.001,0.001,0.001,0.001,0.001,0.0,0.0,0.0,0.001,0.001,0.001,0.001,0.001,0.001,0.001,0.001,0.001,0.001,0.001,0.001,0.001,0.001,0.001,0.001,0.001,0.001,0.001,0.001,0.001,0.001,0.0,0.0
male,4,150000,0.0,0.0,0.0,0.0,0.0,0.0,0.0,0.0,0.001,0.001,0.001,0.003,0.005,0.007,0.01,0.015,0.015,0.018,0.019,0.014,0.013,0.009,0.016,0.009,0.009,0.011,0.012,0.011,0.008,0.008,0.005,0.007,0.006,0.004,0.006,0.01,0.009,0.012,0.011,0.012,0.016,0.014,0.01,0.006,0.005,0.003,0.002,0.002
male,4,040000,0.0,0.0,0.0,0.0,0.0,0.0,0.0,0.0,0.002,0.0,0.0,0.0,0.001,0.003,0.005,0.004,0.003,0.005,0.006,0.008,0.007,0.019,0.014,0.011,0.014,0.009,0.009,0.008,0.006,0.008,0.01,0.014,0.018,0.016,0.018,0.011,0.007,0.004,0.006,0.007,0.006,0.006,0.001,0.0,0.0,0.0,0.002,0.0
male,4,020000,0.002,0.001,0.002,0.002,0.001,0.005,0.005,0.008,0.022,0.027,0.055,0.045,0.068,0.084,0.09,0.098,0.101,0.108,0.131,0.125,0.143,0.127,0.131,0.146,0.162,0.134,0.107,0.113,0.129,0.132,0.143,0.139,0.148,0.179,0.171,0.152,0.178,0.133,0.095,0.08,0.075,0.054,0.034,0.043,0.019,0.018,0.011,0.01
male,4,130000,0.0,0.0,0.0,0.0,0.0,0.0,0.0,0.0,0.004,0.007,0.007,0.012,0.023,0.021,0.021,0.023,0.025,0.032,0.028,0.025,0.022,0.028,0.02,0.021,0.024,0.019,0.021,0.02,0.016,0.024,0.023,0.023,0.032,0.024,0.02,0.019,0.021,0.024,0.016,0.019,0.016,0.009,0.006,0.007,0.0,0.001,0.0,0.0
male,4,140000,0.003,0.003,0.003,0.003,0.004,0.004,0.007,0.005,0.003,0.003,0.004,0.003,0.013,0.014,0.009,0.01,0.01,0.009,0.012,0.011,0.01,0.008,0.007,0.006,0.007,0.006,0.004,0.004,0.004,0.002,0.001,0.001,0.003,0.004,0.006,0.008,0.012,0.015,0.021,0.018,0.018,0.01,0.011,0.006,0.006,0.004,0.004,0.003
male,4,160000,0.002,0.001,0.001,0.001,0.001,0.001,0.0,0.0,0.0,0.0,0.0,0.0,0.0,0.0,0.0,0.0,0.0,0.004,0.004,0.005,0.008,0.008,0.005,0.005,0.002,0.002,0.003,0.002,0.005,0.004,0.002,0.002,0.002,0.006,0.003,0.007,0.01,0.006,0.002,0.003,0.003,0.005,0.0,0.001,0.001,0.003,0.002,0.001
male,4,120000,0.056,0.041,0.032,0.029,0.021,0.025,0.023,0.027,0.048,0.05,0.087,0.091,0.098,0.108,0.132,0.115,0.151,0.189,0.192,0.212,0.223,0.221,0.201,0.197,0.215,0.216,0.221,0.24,0.262,0.253,0.26,0.285,0.33,0.315,0.361,0.4,0.425,0.499,0.533,0.567,0.599,0.652,0.595,0.509,0.403,0.302,0.181,0.113
male,4,080000,0.0,0.0,0.0,0.0,0.0,0.0,0.0,0.0,0.0,0.0,0.0,0.001,0.003,0.003,0.004,0.005,0.007,0.015,0.011,0.01,0.012,0.014,0.012,0.016,0.011,0.011,0.013,0.016,0.009,0.012,0.012,0.008,0.005,0.008,0.002,0.0,0.0,0.0,0.0,0.0,0.0,0.0,0.003,0.003,0.003,0.0,0.0,0.0
male,4,010101,0.892,0.916,0.936,0.936,0.942,0.945,0.942,0.927,0.861,0.826,0.715,0.641,0.526,0.43,0.288,0.24,0.157,0.133,0.078,0.067,0.056,0.052,0.042,0.041,0.045,0.049,0.039,0.044,0.041,0.047,0.054,0.052,0.044,0.04,0.035,0.029,0.027,0.036,0.052,0.059,0.084,0.143,0.243,0.327,0.498,0.62,0.755,0.819
male,4,070000,0.0,0.0,0.0,0.001,0.001,0.001,0.001,0.0,0.0,0.001,0.001,0.009,0.007,0.007,0.015,0.015,0.021,0.014,0.015,0.017,0.023,0.027,0.043,0.026,0.052,0.052,0.043,0.038,0.045,0.04,0.038,0.044,0.042,0.042,0.034,0.034,0.048,0.032,0.029,0.019,0.014,0.007,0.003,0.002,0.007,0.005,0.003,0.005
male,4,050000,0.023,0.023,0.016,0.017,0.017,0.014,0.017,0.016,0.034,0.032,0.048,0.089,0.15,0.208,0.257,0.322,0.376,0.396,0.416,0.424,0.423,0.42,0.408,0.36,0.277,0.369,0.394,0.411,0.419,0.4,0.388,0.337,0.292,0.246,0.188,0.142,0.116,0.105,0.093,0.073,0.063,0.057,0.054,0.048,0.036,0.033,0.025,0.026
male,4,030000,0.002,0.0,0.0,0.0,0.0,0.0,0.0,0.001,0.0,0.0,0.006,0.013,0.006,0.007,0.007,0.011,0.011,0.003,0.006,0.007,0.006,0.007,0.006,0.002,0.004,0.002,0.002,0.003,0.006,0.002,0.01,0.009,0.016,0.013,0.015,0.01,0.01,0.009,0.006,0.005,0.006,0.012,0.003,0.005,0.005,0.002,0.003,0.001
male,4,500106,0.001,0.0,0.0,0.0,0.0,0.0,0.0,0.0,0.0,0.0,0.001,0.002,0.003,0.005,0.009,0.006,0.01,0.007,0.007,0.009,0.007,0.009,0.01,0.008,0.003,0.002,0.004,0.003,0.009,0.008,0.006,0.007,0.001,0.004,0.004,0.004,0.004,0.004,0.008,0.003,0.002,0.001,0.001,0.003,0.001,0.0,0.0,0.001
male,4,010000,0.017,0.012,0.011,0.011,0.017,0.011,0.015,0.018,0.047,0.06,0.093,0.096,0.097,0.107,0.109,0.07,0.077,0.052,0.043,0.041,0.034,0.024,0.027,0.029,0.017,0.018,0.027,0.017,0.018,0.014,0.022,0.035,0.054,0.054,0.041,0.039,0.039,0.036,0.03,0.042,0.061,0.045,0.053,0.055,0.068,0.038,0.047,0.027
male,4,110000,0.003,0.003,0.003,0.002,0.007,0.003,0.002,0.008,0.012,0.029,0.036,0.034,0.061,0.072,0.101,0.1,0.107,0.06,0.077,0.057,0.062,0.037,0.069,0.114,0.223,0.118,0.103,0.052,0.047,0.042,0.034,0.049,0.044,0.065,0.132,0.13,0.165,0.15,0.138,0.118,0.077,0.037,0.031,0.016,0.016,0.008,0.005,0.004
male,4,other,0.001,0.001,0.001,0.0,0.0,0.0,0.0,0.003,0.001,0.001,0.008,0.008,0.006,0.006,0.008,0.012,0.012,0.011,0.006,0.005,0.008,0.012,0.01,0.007,0.008,0.003,0.01,0.009,0.013,0.009,0.007,0.006,0.002,0.007,0.007,0.007,0.004,0.002,0.001,0.005,0.01,0.006,0.002,0.005,0.001,0.0,0.0,0.0
male,4,180000,0.013,0.005,0.004,0.007,0.001,0.001,0.002,0.01,0.016,0.024,0.054,0.112,0.1,0.104,0.12,0.159,0.119,0.098,0.1,0.077,0.105,0.099,0.115,0.151,0.194,0.161,0.111,0.119,0.105,0.111,0.139,0.168,0.184,0.168,0.184,0.153,0.161,0.122,0.099,0.082,0.066,0.046,0.033,0.042,0.024,0.011,0.017,0.014
male,5,060000,0.0,0.0,0.0,0.0,0.0,0.0,0.0,0.0,0.0,0.0,0.0,0.0,0.0,0.0,0.0,0.0,0.0,0.0,0.0,0.0,0.0,0.0,0.0,0.0,0.0,0.0,0.0,0.0,0.0,0.0,0.0,0.0,0.001,0.001,0.001,0.001,0.001,0.0,0.0,0.0,0.0,0.0,0.0,0.0,0.0,0.0,0.0,0.0
male,5,150000,0.001,0.001,0.001,0.001,0.001,0.001,0.0,0.0,0.0,0.0,0.0,0.0,0.001,0.002,0.005,0.009,0.009,0.008,0.012,0.017,0.017,0.016,0.013,0.012,0.011,0.01,0.014,0.009,0.01,0.007,0.009,0.009,0.01,0.007,0.008,0.013,0.012,0.015,0.009,0.013,0.007,0.006,0.0,0.001,0.0,0.0,0.001,0.001
male,5,040000,0.0,0.0,0.0,0.0,0.0,0.0,0.0,0.0,0.0,0.0,0.0,0.002,0.001,0.005,0.007,0.006,0.007,0.011,0.01,0.01,0.014,0.011,0.012,0.012,0.011,0.014,0.016,0.017,0.018,0.018,0.026,0.027,0.022,0.015,0.018,0.012,0.011,0.009,0.005,0.006,0.003,0.003,0.003,0.004,0.0,0.001,0.0,0.0
male,5,020000,0.004,0.002,0.001,0.0,0.001,0.002,0.002,0.004,0.015,0.017,0.027,0.036,0.077,0.075,0.125,0.116,0.167,0.174,0.207,0.196,0.211,0.204,0.225,0.213,0.192,0.194,0.198,0.178,0.18,0.168,0.181,0.186,0.182,0.175,0.178,0.157,0.149,0.115,0.096,0.082,0.061,0.044,0.024,0.027,0.03,0.01,0.011,0.007
male,5,130000,0.0,0.0,0.0,0.0,0.0,0.0,0.0,0.001,0.003,0.001,0.006,0.011,0.019,0.017,0.027,0.031,0.034,0.049,0.042,0.047,0.039,0.037,0.028,0.024,0.018,0.02,0.026,0.031,0.023,0.028,0.028,0.025,0.019,0.017,0.016,0.016,0.013,0.013,0.015,0.011,0.01,0.006,0.004,0.001,0.001,0.0,0.0,0.0
male,5,140000,0.003,0.0,0.001,0.0,0.0,0.0,0.001,0.0,0.006,0.005,0.008,0.011,0.013,0.018,0.014,0.012,0.014,0.018,0.017,0.023,0.024,0.03,0.035,0.025,0.013,0.006,0.004,0.006,0.002,0.001,0.005,0.004,0.002,0.003,0.008,0.012,0.011,0.013,0.018,0.014,0.016,0.017,0.009,0.008,0.003,0.005,0.001,0.008
male,5,160000,0.0,0.0,0.0,0.0,0.0,0.0,0.0,0.0,0.0,0.0,0.0,0.0,0.001,0.001,0.0,0.002,0.001,0.003,0.006,0.005,0.002,0.006,0.009,0.006,0.003,0.003,0.005,0.003,0.004,0.005,0.003,0.008,0.011,0.008,0.008,0.005,0.005,0.003,0.005,0.004,0.008,0.009,0.004,0.005,0.004,0.003,0.002,0.001
male,5,120000,0.063,0.048,0.034,0.028,0.028,0.023,0.021,0.02,0.029,0.039,0.053,0.078,0.106,0.147,0.188,0.227,0.253,0.297,0.335,0.33,0.328,0.352,0.356,0.358,0.337,0.364,0.382,0.408,0.434,0.443,0.441,0.46,0.483,0.528,0.497,0.525,0.554,0.604,0.67,0.709,0.738,0.741,0.686,0.623,0.432,0.296,0.199,0.127
male,5,080000,0.0,0.0,0.0,0.0,0.0,0.0,0.0,0.002,0.0,0.0,0.0,0.0,0.0,0.002,0.002,0.006,0.006,0.012,0.018,0.016,0.016,0.024,0.026,0.015,0.015,0.011,0.013,0.016,0.02,0.014,0.014,0.013,0.011,0.01,0.002,0.002,0.002,0.002,0.0,0.0,0.0,0.0,0.0,0.0,0.001,0.001,0.0,0.0
male,5,010101,0.919,0.932,0.947,0.959,0.961,0.963,0.963,0.959,0.932,0.901,0.862,0.793,0.685,0.585,0.422,0.34,0.205,0.152,0.093,0.083,0.057,0.05,0.031,0.038,0.042,0.058,0.068,0.088,0.072,0.069,0.064,0.065,0.054,0.034,0.022,0.027,0.021,0.025,0.034,0.048,0.073,0.106,0.195,0.297,0.486,0.656,0.77,0.838
male,5,070000,0.0,0.0,0.0,0.0,0.0,0.0,0.0,0.0,0.002,0.0,0.002,0.0,0.006,0.004,0.005,0.017,0.021,0.016,0.024,0.04,0.054,0.053,0.057,0.043,0.044,0.047,0.042,0.052,0.038,0.033,0.036,0.025,0.028,0.021,0.017,0.017,0.016,0.005,0.002,0.003,0.003,0.002,0.009,0.007,0.0,0.0,0.0,0.0
male,5,050000,0.004,0.004,0.003,0.004,0.004,0.006,0.008,0.007,0.01,0.013,0.017,0.025,0.024,0.038,0.055,0.069,0.092,0.096,0.115,0.113,0.116,0.113,0.107,0.096,0.102,0.097,0.106,0.106,0.106,0.112,0.104,0.098,0.081,0.068,0.048,0.038,0.023,0.022,0.019,0.013,0.013,0.014,0.013,0.011,0.008,0.003,0.004,0.004
male,5,030000,0.001,0.0,0.001,0.0,0.001,0.001,0.0,0.0,0.002,0.0,0.0,0.001,0.005,0.005,0.013,0.01,0.007,0.004,0.005,0.008,0.017,0.007,0.007,0.006,0.005,0.006,0.008,0.005,0.003,0.008,0.007,0.009,0.014,0.012,0.008,0.009,0.004,0.005,0.01,0.01,0.008,0.01,0.004,0.005,0.003,0.003,0.0,0.001
male,5,500106,0.0,0.0,0.0,0.0,0.0,0.0,0.0,0.0,0.0,0.001,0.002,0.004,0.003,0.004,0.005,0.007,0.011,0.01,0.012,0.011,0.008,0.011,0.011,0.014,0.011,0.011,0.011,0.01,0.008,0.013,0.012,0.011,0.007,0.011,0.009,0.01,0.007,0.007,0.008,0.007,0.004,0.006,0.004,0.005,0.003,0.004,0.002,0.002
male,5,010000,0.019,0.008,0.019,0.008,0.008,0.004,0.013,0.007,0.024,0.016,0.034,0.055,0.063,0.085,0.103,0.083,0.113,0.101,0.072,0.045,0.038,0.035,0.026,0.02,0.02,0.018,0.016,0.02,0.028,0.023,0.035,0.027,0.032,0.033,0.027,0.026,0.023,0.026,0.03,0.029,0.034,0.028,0.052,0.039,0.066,0.07,0.03,0.023
male,5,110000,0.001,0.002,0.006,0.0,0.0,0.002,0.001,0.001,0.011,0.016,0.027,0.043,0.087,0.08,0.145,0.132,0.168,0.113,0.096,0.057,0.078,0.054,0.087,0.134,0.211,0.14,0.103,0.058,0.065,0.057,0.056,0.045,0.071,0.092,0.184,0.175,0.228,0.207,0.127,0.09,0.07,0.041,0.023,0.014,0.014,0.005,0.004,0.0
male,5,other,0.003,0.003,0.003,0.003,0.003,0.003,0.003,0.003,0.005,0.005,0.005,0.005,0.008,0.01,0.011,0.017,0.02,0.016,0.028,0.027,0.031,0.025,0.023,0.02,0.02,0.023,0.015,0.02,0.015,0.015,0.013,0.011,0.01,0.012,0.002,0.004,0.004,0.003,0.003,0.006,0.004,0.008,0.008,0.005,0.004,0.003,0.003,0.003
male,5,180000,0.001,0.0,0.003,0.001,0.001,0.0,0.001,0.001,0.005,0.009,0.009,0.02,0.029,0.06,0.072,0.08,0.091,0.127,0.13,0.136,0.149,0.146,0.141,0.147,0.16,0.145,0.135,0.113,0.129,0.131,0.139,0.102,0.135,0.102,0.133,0.106,0.113,0.085,0.064,0.064,0.039,0.035,0.044,0.029,0.029,0.007,0.008,0.002
female,0,060000,0.016,0.016,0.007,0.004,0.004,0.0,0.001,0.001,0.001,0.001,0.001,0.001,0.003,0.014,0.06,0.102,0.165,0.182,0.197,0.202,0.222,0.224,0.212,0.192,0.188,0.179,0.186,0.181,0.163,0.136,0.101,0.082,0.073,0.067,0.064,0.07,0.059,0.083,0.086,0.076,0.078,0.073,0.045,0.04,0.037,0.027,0.022,0.017
female,0,150000,0.0,0.0,0.0,0.0,0.0,0.0,0.0,0.0,0.0,0.0,0.0,0.0,0.0,0.0,0.003,0.002,0.007,0.01,0.01,0.011,0.009,0.009,0.014,0.014,0.004,0.005,0.005,0.005,0.005,0.002,0.009,0.009,0.005,0.008,0.008,0.006,0.015,0.015,0.013,0.018,0.012,0.011,0.008,0.007,0.001,0.0,0.0,0.0
female,0,040000,0.006,0.001,0.003,0.004,0.005,0.003,0.001,0.0,0.0,0.0,0.002,0.002,0.0,0.007,0.0,0.002,0.0,0.001,0.001,0.002,0.001,0.002,0.003,0.008,0.018,0.013,0.011,0.01,0.011,0.018,0.025,0.012,0.02,0.015,0.019,0.017,0.019,0.007,0.019,0.006,0.016,0.004,0.016,0.008,0.004,0.002,0.008,0.015
female,0,020000,0.005,0.006,0.007,0.006,0.001,0.001,0.0,0.005,0.011,0.003,0.008,0.01,0.02,0.024,0.046,0.039,0.038,0.034,0.078,0.063,0.113,0.106,0.105,0.117,0.119,0.121,0.122,0.062,0.077,0.091,0.089,0.098,0.136,0.123,0.127,0.094,0.122,0.095,0.098,0.104,0.058,0.055,0.035,0.044,0.037,0.015,0.015,0.012
female,0,130000,0.007,0.004,0.004,0.004,0.0,0.0,0.0,0.0,0.0,0.0,0.006,0.011,0.014,0.013,0.023,0.018,0.017,0.014,0.017,0.017,0.019,0.022,0.016,0.017,0.026,0.027,0.036,0.034,0.043,0.033,0.032,0.018,0.021,0.032,0.031,0.021,0.019,0.03,0.033,0.023,0.014,0.014,0.011,0.01,0.005,0.009,0.006,0.006
female,0,140000,0.0,0.0,0.0,0.0,0.0,0.0,0.0,0.0,0.0,0.0,0.0,0.002,0.004,0.002,0.001,0.001,0.002,0.003,0.004,0.008,0.018,0.016,0.015,0.016,0.01,0.008,0.005,0.002,0.002,0.003,0.001,0.001,0.001,0.0,0.003,0.004,0.004,0.002,0.014,0.014,0.009,0.004,0.002,0.003,0.003,0.003,0.004,0.003
female,0,160000,0.007,0.004,0.004,0.003,0.004,0.001,0.001,0.001,0.0,0.0,0.0,0.0,0.0,0.0,0.0,0.0,0.001,0.0,0.002,0.002,0.007,0.008,0.003,0.004,0.009,0.014,0.009,0.007,0.01,0.016,0.018,0.017,0.014,0.018,0.028,0.034,0.033,0.021,0.014,0.014,0.015,0.016,0.017,0.03,0.029,0.025,0.008,0.008
female,0,120000,0.108,0.084,0.059,0.058,0.021,0.009,0.007,0.008,0.013,0.016,0.016,0.018,0.02,0.042,0.053,0.061,0.055,0.052,0.088,0.126,0.143,0.163,0.178,0.17,0.172,0.192,0.188,0.209,0.218,0.248,0.264,0.29,0.314,0.296,0.275,0.327,0.329,0.358,0.389,0.436,0.444,0.474,0.485,0.465,0.336,0.29,0.213,0.176
female,0,080000,0.001,0.001,0.001,0.001,0.001,0.001,0.001,0.001,0.0,0.0,0.0,0.0,0.0,0.0,0.001,0.004,0.004,0.012,0.018,0.013,0.009,0.009,0.01,0.013,0.009,0.005,0.005,0.013,0.006,0.021,0.016,0.013,0.003,0.005,0.006,0.006,0.007,0.001,0.001,0.001,0.001,0.002,0.002,0.002,0.001,0.001,0.001,0.001
female,0,010101,0.817,0.846,0.896,0.91,0.949,0.967,0.972,0.964,0.94,0.939,0.934,0.905,0.795,0.765,0.648,0.564,0.464,0.407,0.302,0.262,0.148,0.139,0.082,0.082,0.055,0.052,0.071,0.077,0.067,0.072,0.058,0.084,0.07,0.07,0.042,0.037,0.027,0.023,0.021,0.027,0.077,0.109,0.158,0.242,0.403,0.528,0.675,0.744
female,0,070000,0.0,0.004,0.0,0.0,0.0,0.0,0.0,0.0,0.003,0.0,0.0,0.005,0.0,0.001,0.001,0.002,0.004,0.007,0.02,0.032,0.033,0.038,0.044,0.058,0.052,0.059,0.073,0.061,0.043,0.046,0.077,0.057,0.062,0.059,0.049,0.052,0.046,0.051,0.038,0.031,0.026,0.018,0.019,0.016,0.01,0.003,0.0,0.007
female,0,050000,0.017,0.015,0.014,0.014,0.01,0.012,0.013,0.012,0.016,0.015,0.015,0.017,0.024,0.031,0.054,0.079,0.099,0.118,0.134,0.143,0.153,0.157,0.156,0.18,0.171,0.18,0.182,0.197,0.189,0.197,0.183,0.179,0.173,0.161,0.162,0.125,0.117,0.129,0.116,0.117,0.103,0.106,0.085,0.063,0.048,0.037,0.032,0.019
female,0,030000,0.002,0.0,0.001,0.003,0.001,0.007,0.007,0.0,0.012,0.007,0.004,0.007,0.012,0.021,0.045,0.044,0.054,0.032,0.043,0.039,0.046,0.031,0.038,0.024,0.019,0.028,0.035,0.031,0.037,0.04,0.045,0.036,0.043,0.035,0.033,0.03,0.037,0.035,0.047,0.059,0.035,0.034,0.027,0.021,0.021,0.008,0.011,0.002
female,0,500106,0.0,0.0,0.0,0.0,0.0,0.0,0.0,0.0,0.0,0.0,0.0,0.0,0.0,0.0,0.0,0.0,0.002,0.0,0.001,0.001,0.0,0.002,0.002,0.0,0.001,0.001,0.001,0.001,0.003,0.011,0.008,0.011,0.0,0.0,0.001,0.001,0.001,0.0,0.002,0.002,0.001,0.004,0.004,0.004,0.002,0.0,0.0,0.0
female,0,010000,0.006,0.014,0.027,0.0,0.014,0.011,0.003,0.01,0.011,0.017,0.019,0.053,0.107,0.115,0.098,0.089,0.119,0.096,0.092,0.068,0.07,0.043,0.059,0.048,0.046,0.041,0.027,0.022,0.028,0.055,0.058,0.04,0.038,0.051,0.059,0.062,0.059,0.049,0.041,0.06,0.096,0.071,0.093,0.068,0.092,0.068,0.055,0.02
female,0,110000,0.004,0.003,0.003,0.003,0.007,0.007,0.003,0.003,0.0,0.005,0.009,0.013,0.03,0.024,0.049,0.055,0.051,0.042,0.066,0.039,0.112,0.046,0.112,0.086,0.132,0.105,0.083,0.046,0.069,0.045,0.047,0.05,0.045,0.06,0.098,0.144,0.169,0.141,0.129,0.091,0.074,0.044,0.048,0.034,0.027,0.027,0.016,0.018
female,0,other,0.002,0.003,0.0,0.0,0.0,0.001,0.0,0.0,0.0,0.0,0.0,0.0,0.002,0.006,0.006,0.013,0.005,0.009,0.011,0.012,0.01,0.011,0.009,0.025,0.03,0.026,0.028,0.026,0.027,0.022,0.015,0.016,0.009,0.013,0.016,0.016,0.01,0.004,0.013,0.011,0.012,0.013,0.011,0.006,0.007,0.001,0.0,0.005
female,0,180000,0.032,0.014,0.016,0.004,0.014,0.01,0.001,0.002,0.017,0.009,0.012,0.012,0.054,0.103,0.152,0.109,0.102,0.108,0.1,0.136,0.111,0.112,0.11,0.145,0.179,0.169,0.168,0.165,0.154,0.187,0.268,0.218,0.196,0.177,0.148,0.188,0.192,0.138,0.135,0.105,0.1,0.084,0.107,0.11,0.079,0.061,0.028,0.033
female,1,060000,0.003,0.003,0.002,0.0,0.0,0.0,0.0,0.0,0.0,0.0,0.0,0.0,0.002,0.001,0.004,0.01,0.018,0.02,0.026,0.035,0.038,0.038,0.04,0.04,0.034,0.041,0.044,0.028,0.028,0.032,0.034,0.033,0.028,0.023,0.027,0.021,0.017,0.021,0.021,0.024,0.027,0.025,0.025,0.017,0.024,0.015,0.011,0.009
female,1,150000,0.0,0.0,0.0,0.0,0.0,0.0,0.0,0.0,0.0,0.0,0.0,0.0,0.0,0.0,0.0,0.0,0.001,0.002,0.004,0.003,0.003,0.004,0.003,0.003,0.004,0.002,0.001,0.001,0.001,0.005,0.005,0.003,0.003,0.002,0.003,0.004,0.003,0.004,0.004,0.004,0.006,0.004,0.004,0.002,0.002,0.0,0.003,0.002
female,1,040000,0.0,0.0,0.0,0.0,0.001,0.0,0.0,0.0,0.0,0.0,0.0,0.0,0.0,0.003,0.009,0.006,0.005,0.005,0.005,0.005,0.003,0.004,0.006,0.006,0.008,0.009,0.006,0.007,0.007,0.008,0.005,0.004,0.01,0.005,0.009,0.005,0.017,0.008,0.01,0.01,0.009,0.009,0.007,0.013,0.005,0.002,0.0,0.0
female,1,020000,0.007,0.004,0.003,0.005,0.003,0.003,0.006,0.009,0.018,0.014,0.015,0.028,0.067,0.108,0.142,0.126,0.166,0.143,0.169,0.161,0.175,0.169,0.169,0.163,0.158,0.131,0.147,0.156,0.135,0.135,0.169,0.179,0.174,0.188,0.223,0.223,0.187,0.185,0.157,0.128,0.114,0.091,0.081,0.063,0.053,0.025,0.014,0.012
female,1,130000,0.001,0.001,0.001,0.0,0.0,0.0,0.0,0.0,0.002,0.002,0.003,0.011,0.005,0.005,0.017,0.01,0.013,0.007,0.014,0.019,0.024,0.017,0.016,0.014,0.02,0.027,0.016,0.016,0.014,0.013,0.018,0.018,0.025,0.018,0.023,0.02,0.022,0.022,0.031,0.039,0.021,0.012,0.008,0.009,0.01,0.003,0.001,0.001
female,1,140000,0.0,0.001,0.0,0.0,0.0,0.0,0.0,0.0,0.002,0.0,0.006,0.002,0.008,0.006,0.002,0.003,0.007,0.01,0.018,0.014,0.018,0.016,0.02,0.023,0.011,0.006,0.008,0.013,0.014,0.012,0.014,0.011,0.012,0.011,0.012,0.007,0.012,0.009,0.014,0.013,0.015,0.013,0.01,0.008,0.003,0.002,0.004,0.002
female,1,160000,0.008,0.003,0.002,0.001,0.002,0.003,0.002,0.002,0.002,0.0,0.0,0.0,0.0,0.003,0.0,0.001,0.002,0.005,0.003,0.005,0.004,0.006,0.004,0.004,0.002,0.006,0.008,0.011,0.005,0.002,0.002,0.003,0.008,0.007,0.006,0.011,0.007,0.006,0.004,0.006,0.01,0.004,0.016,0.01,0.004,0.01,0.005,0.007
female,1,120000,0.061,0.049,0.034,0.027,0.013,0.014,0.011,0.005,0.004,0.005,0.005,0.008,0.016,0.021,0.049,0.064,0.065,0.082,0.086,0.107,0.124,0.148,0.127,0.141,0.166,0.19,0.194,0.19,0.198,0.205,0.179,0.194,0.227,0.221,0.24,0.247,0.303,0.362,0.363,0.416,0.45,0.484,0.44,0.369,0.285,0.216,0.143,0.103
female,1,080000,0.0,0.0,0.0,0.0,0.0,0.0,0.0,0.0,0.0,0.0,0.0,0.0,0.0,0.0,0.0,0.002,0.002,0.002,0.008,0.01,0.009,0.011,0.009,0.009,0.012,0.005,0.005,0.006,0.004,0.007,0.01,0.005,0.005,0.01,0.014,0.004,0.002,0.001,0.0,0.0,0.001,0.001,0.0,0.0,0.0,0.0,0.0,0.0
female,1,010101,0.888,0.906,0.929,0.938,0.958,0.963,0.962,0.968,0.936,0.927,0.896,0.845,0.719,0.615,0.435,0.365,0.264,0.224,0.139,0.117,0.065,0.063,0.041,0.043,0.032,0.039,0.046,0.056,0.047,0.03,0.028,0.028,0.024,0.022,0.022,0.024,0.025,0.024,0.025,0.04,0.069,0.118,0.225,0.323,0.487,0.598,0.732,0.812
female,1,070000,0.0,0.0,0.001,0.001,0.002,0.0,0.0,0.0,0.0,0.0,0.0,0.005,0.0,0.003,0.01,0.007,0.009,0.012,0.023,0.029,0.028,0.035,0.045,0.061,0.047,0.048,0.049,0.045,0.046,0.042,0.046,0.041,0.047,0.05,0.048,0.049,0.047,0.037,0.036,0.033,0.026,0.021,0.021,0.012,0.006,0.009,0.002,0.002
female,1,050000,0.016,0.016,0.015,0.014,0.011,0.013,0.013,0.014,0.017,0.018,0.02,0.025,0.042,0.073,0.102,0.174,0.251,0.3,0.325,0.349,0.358,0.363,0.357,0.334,0.29,0.292,0.317,0.338,0.348,0.346,0.336,0.31,0.279,0.235,0.176,0.128,0.099,0.077,0.07,0.063,0.057,0.057,0.053,0.053,0.044,0.045,0.032,0.023
female,1,030000,0.005,0.007,0.013,0.01,0.014,0.008,0.01,0.005,0.027,0.022,0.021,0.032,0.068,0.111,0.173,0.15,0.138,0.11,0.098,0.092,0.076,0.077,0.081,0.086,0.087,0.081,0.08,0.094,0.088,0.112,0.124,0.122,0.14,0.117,0.1,0.112,0.139,0.145,0.196,0.206,0.192,0.157,0.099,0.078,0.048,0.03,0.017,0.014
female,1,500106,0.0,0.0,0.0,0.0,0.0,0.0,0.0,0.0,0.0,0.0,0.002,0.005,0.008,0.006,0.006,0.004,0.002,0.003,0.001,0.003,0.004,0.006,0.002,0.002,0.006,0.003,0.004,0.008,0.002,0.006,0.01,0.011,0.007,0.005,0.006,0.007,0.002,0.005,0.003,0.003,0.001,0.002,0.002,0.002,0.001,0.005,0.004,0.0
female,1,010000,0.028,0.015,0.014,0.011,0.002,0.006,0.007,0.001,0.013,0.023,0.049,0.077,0.095,0.133,0.136,0.123,0.104,0.068,0.087,0.066,0.054,0.038,0.039,0.043,0.026,0.032,0.028,0.02,0.036,0.029,0.026,0.021,0.032,0.022,0.031,0.031,0.024,0.036,0.048,0.053,0.057,0.071,0.1,0.085,0.1,0.077,0.061,0.054
female,1,110000,0.004,0.002,0.004,0.002,0.0,0.001,0.0,0.001,0.001,0.005,0.006,0.011,0.019,0.042,0.062,0.052,0.072,0.062,0.056,0.036,0.055,0.053,0.059,0.089,0.178,0.123,0.118,0.063,0.049,0.025,0.032,0.047,0.042,0.064,0.087,0.157,0.16,0.155,0.126,0.096,0.084,0.047,0.04,0.022,0.029,0.009,0.011,0.004
female,1,other,0.0,0.0,0.0,0.0,0.004,0.0,0.001,0.001,0.001,0.002,0.002,0.003,0.014,0.015,0.014,0.016,0.016,0.009,0.01,0.008,0.009,0.007,0.011,0.013,0.005,0.016,0.01,0.005,0.005,0.008,0.004,0.007,0.008,0.009,0.005,0.009,0.008,0.01,0.009,0.011,0.009,0.007,0.005,0.007,0.007,0.005,0.009,0.005
female,1,180000,0.003,0.006,0.005,0.002,0.007,0.003,0.002,0.001,0.004,0.006,0.013,0.034,0.045,0.084,0.186,0.179,0.15,0.149,0.128,0.088,0.13,0.114,0.112,0.115,0.184,0.145,0.152,0.137,0.133,0.109,0.166,0.155,0.169,0.2,0.259,0.201,0.199,0.127,0.126,0.099,0.112,0.075,0.087,0.076,0.061,0.038,0.03,0.014
female,2,060000,0.002,0.002,0.001,0.001,0.0,0.0,0.0,0.0,0.001,0.001,0.001,0.002,0.003,0.002,0.004,0.005,0.004,0.009,0.01,0.01,0.01,0.01,0.013,0.013,0.013,0.012,0.012,0.012,0.011,0.01,0.012,0.008,0.008,0.007,0.008,0.002,0.003,0.004,0.01,0.01,0.006,0.013,0.011,0.006,0.006,0.003,0.003,0.002
female,2,150000,0.002,0.001,0.0,0.0,0.0,0.0,0.0,0.0,0.0,0.0,0.0,0.0,0.001,0.001,0.003,0.007,0.008,0.006,0.008,0.013,0.021,0.019,0.017,0.016,0.012,0.01,0.009,0.011,0.011,0.012,0.007,0.008,0.01,0.009,0.012,0.02,0.017,0.017,0.014,0.012,0.011,0.008,0.009,0.006,0.004,0.002,0.001,0.001
female,2,040000,0.002,0.001,0.0,0.0,0.001,0.0,0.0,0.0,0.0,0.0,0.001,0.001,0.0,0.003,0.004,0.002,0.01,0.004,0.012,0.011,0.013,0.013,0.012,0.012,0.01,0.013,0.009,0.013,0.016,0.018,0.026,0.014,0.024,0.013,0.008,0.003,0.007,0.007,0.007,0.004,0.007,0.004,0.004,0.003,0.003,0.004,0.003,0.003
female,2,020000,0.01,0.008,0.006,0.003,0.002,0.003,0.003,0.006,0.007,0.01,0.037,0.051,0.114,0.167,0.164,0.15,0.171,0.184,0.211,0.206,0.202,0.197,0.191,0.186,0.193,0.187,0.185,0.203,0.181,0.169,0.172,0.179,0.211,0.255,0.268,0.258,0.237,0.201,0.166,0.148,0.135,0.125,0.101,0.074,0.058,0.033,0.028,0.015
female,2,130000,0.001,0.0,0.0,0.0,0.001,0.001,0.001,0.001,0.001,0.004,0.008,0.008,0.005,0.007,0.008,0.017,0.023,0.019,0.018,0.018,0.017,0.018,0.019,0.015,0.013,0.019,0.018,0.014,0.009,0.015,0.019,0.011,0.017,0.02,0.026,0.029,0.033,0.027,0.026,0.026,0.023,0.018,0.014,0.005,0.006,0.0,0.0,0.001
female,2,140000,0.001,0.0,0.001,0.0,0.0,0.0,0.001,0.001,0.002,0.0,0.001,0.001,0.002,0.004,0.003,0.004,0.006,0.009,0.013,0.013,0.022,0.023,0.026,0.025,0.015,0.009,0.007,0.008,0.008,0.01,0.008,0.006,0.004,0.004,0.004,0.006,0.011,0.011,0.012,0.013,0.016,0.01,0.003,0.006,0.001,0.002,0.007,0.004
female,2,160000,0.0,0.0,0.0,0.0,0.0,0.0,0.0,0.0,0.0,0.0,0.0,0.0,0.0,0.002,0.002,0.001,0.005,0.005,0.005,0.004,0.008,0.006,0.003,0.011,0.006,0.008,0.008,0.014,0.008,0.004,0.006,0.008,0.01,0.01,0.006,0.005,0.003,0.005,0.008,0.008,0.012,0.013,0.012,0.011,0.01,0.006,0.008,0.002
female,2,120000,0.063,0.048,0.029,0.017,0.014,0.009,0.011,0.01,0.011,0.016,0.015,0.024,0.034,0.042,0.057,0.055,0.067,0.072,0.086,0.093,0.104,0.109,0.118,0.116,0.123,0.133,0.148,0.16,0.157,0.18,0.173,0.204,0.225,0.227,0.209,0.245,0.293,0.306,0.331,0.412,0.454,0.492,0.484,0.451,0.321,0.229,0.149,0.095
female,2,080000,0.0,0.0,0.0,0.0,0.0,0.0,0.0,0.0,0.0,0.0,0.0,0.0,0.0,0.0,0.001,0.003,0.007,0.009,0.006,0.003,0.004,0.006,0.002,0.003,0.006,0.011,0.005,0.004,0.009,0.006,0.013,0.018,0.018,0.009,0.008,0.01,0.009,0.001,0.002,0.0,0.0,0.001,0.0,0.003,0.001,0.0,0.0,0.0
female,2,010101,0.887,0.911,0.944,0.962,0.968,0.973,0.97,0.967,0.931,0.919,0.872,0.801,0.61,0.487,0.356,0.306,0.199,0.163,0.09,0.076,0.048,0.043,0.038,0.039,0.031,0.037,0.04,0.038,0.038,0.041,0.037,0.037,0.031,0.03,0.025,0.023,0.018,0.021,0.041,0.045,0.071,0.106,0.186,0.314,0.491,0.637,0.769,0.831
female,2,070000,0.001,0.001,0.001,0.0,0.0,0.0,0.0,0.001,0.0,0.001,0.0,0.0,0.0,0.005,0.005,0.009,0.022,0.022,0.023,0.034,0.047,0.048,0.062,0.057,0.066,0.068,0.055,0.051,0.058,0.045,0.045,0.043,0.044,0.041,0.051,0.059,0.045,0.051,0.043,0.03,0.02,0.005,0.009,0.005,0.004,0.001,0.001,0.002
female,2,050000,0.016,0.013,0.013,0.01,0.009,0.009,0.008,0.006,0.017,0.017,0.028,0.051,0.075,0.102,0.162,0.228,0.281,0.334,0.371,0.387,0.387,0.391,0.394,0.373,0.316,0.335,0.348,0.356,0.376,0.36,0.334,0.305,0.257,0.224,0.15,0.097,0.074,0.063,0.062,0.057,0.052,0.046,0.046,0.044,0.036,0.036,0.021,0.018
female,2,030000,0.009,0.007,0.007,0.007,0.006,0.003,0.011,0.006,0.009,0.012,0.016,0.032,0.084,0.149,0.172,0.18,0.121,0.092,0.08,0.063,0.066,0.052,0.067,0.073,0.065,0.059,0.064,0.06,0.073,0.105,0.118,0.142,0.132,0.127,0.131,0.15,0.15,0.147,0.174,0.177,0.195,0.177,0.099,0.078,0.031,0.025,0.012,0.006
female,2,500106,0.001,0.001,0.0,0.0,0.0,0.0,0.0,0.0,0.0,0.001,0.001,0.001,0.002,0.006,0.009,0.009,0.006,0.006,0.004,0.003,0.001,0.002,0.005,0.003,0.004,0.008,0.007,0.009,0.008,0.004,0.002,0.001,0.003,0.004,0.002,0.001,0.002,0.002,0.003,0.005,0.001,0.001,0.001,0.003,0.002,0.001,0.001,0.0
female,2,010000,0.025,0.011,0.006,0.008,0.005,0.007,0.006,0.008,0.035,0.031,0.04,0.081,0.16,0.156,0.13,0.097,0.11,0.085,0.076,0.057,0.045,0.032,0.022,0.019,0.036,0.03,0.028,0.026,0.023,0.017,0.025,0.028,0.027,0.025,0.039,0.04,0.039,0.029,0.051,0.053,0.053,0.066,0.092,0.079,0.093,0.067,0.046,0.029
female,2,110000,0.001,0.001,0.004,0.001,0.002,0.001,0.002,0.0,0.001,0.006,0.006,0.015,0.042,0.063,0.068,0.077,0.073,0.067,0.056,0.067,0.055,0.057,0.065,0.094,0.16,0.126,0.111,0.079,0.064,0.049,0.054,0.037,0.035,0.063,0.128,0.144,0.174,0.165,0.133,0.095,0.071,0.049,0.033,0.026,0.014,0.006,0.008,0.003
female,2,other,0.002,0.002,0.001,0.0,0.002,0.002,0.002,0.002,0.002,0.002,0.002,0.003,0.011,0.016,0.02,0.018,0.014,0.005,0.008,0.008,0.012,0.012,0.013,0.007,0.006,0.008,0.008,0.006,0.007,0.009,0.007,0.006,0.003,0.003,0.006,0.009,0.017,0.007,0.015,0.016,0.017,0.024,0.013,0.007,0.006,0.008,0.005,0.003
female,2,180000,0.007,0.005,0.003,0.002,0.002,0.001,0.001,0.006,0.005,0.019,0.039,0.037,0.065,0.139,0.208,0.26,0.165,0.151,0.12,0.106,0.118,0.106,0.141,0.148,0.156,0.17,0.151,0.148,0.176,0.174,0.205,0.23,0.221,0.197,0.257,0.256,0.227,0.174,0.127,0.112,0.103,0.071,0.055,0.051,0.046,0.023,0.02,0.017
female,3,060000,0.001,0.001,0.001,0.001,0.0,0.0,0.0,0.0,0.0,0.0,0.002,0.002,0.003,0.004,0.004,0.004,0.004,0.003,0.003,0.003,0.004,0.006,0.004,0.005,0.006,0.005,0.005,0.005,0.003,0.004,0.002,0.003,0.005,0.006,0.005,0.005,0.005,0.005,0.006,0.004,0.005,0.004,0.004,0.003,0.003,0.004,0.002,0.002
female,3,150000,0.0,0.0,0.0,0.0,0.0,0.0,0.0,0.0,0.001,0.0,0.0,0.0,0.001,0.001,0.002,0.004,0.006,0.01,0.012,0.011,0.013,0.019,0.017,0.015,0.013,0.014,0.013,0.014,0.017,0.013,0.014,0.008,0.004,0.01,0.019,0.013,0.014,0.007,0.013,0.013,0.014,0.011,0.005,0.005,0.003,0.001,0.001,0.001
female,3,040000,0.0,0.002,0.0,0.0,0.0,0.0,0.002,0.0,0.001,0.001,0.001,0.0,0.004,0.002,0.001,0.002,0.006,0.014,0.01,0.013,0.012,0.012,0.015,0.015,0.015,0.022,0.022,0.018,0.022,0.021,0.024,0.025,0.021,0.018,0.017,0.015,0.016,0.017,0.013,0.01,0.01,0.008,0.01,0.007,0.004,0.002,0.002,0.004
female,3,020000,0.009,0.007,0.005,0.006,0.003,0.005,0.009,0.007,0.018,0.027,0.054,0.08,0.125,0.18,0.18,0.126,0.193,0.161,0.173,0.163,0.196,0.189,0.19,0.18,0.17,0.176,0.155,0.164,0.146,0.154,0.19,0.217,0.248,0.259,0.272,0.246,0.242,0.214,0.195,0.186,0.133,0.135,0.104,0.089,0.054,0.048,0.023,0.016
female,3,130000,0.0,0.0,0.0,0.0,0.0,0.0,0.0,0.0,0.007,0.0,0.002,0.008,0.006,0.006,0.02,0.021,0.013,0.013,0.011,0.011,0.014,0.009,0.01,0.01,0.008,0.008,0.007,0.009,0.012,0.01,0.016,0.015,0.023,0.025,0.03,0.035,0.032,0.026,0.034,0.023,0.017,0.015,0.009,0.007,0.005,0.001,0.001,0.0
female,3,140000,0.0,0.0,0.001,0.001,0.0,0.0,0.001,0.001,0.002,0.003,0.006,0.005,0.006,0.005,0.005,0.003,0.007,0.01,0.015,0.026,0.03,0.028,0.026,0.019,0.013,0.011,0.006,0.004,0.007,0.002,0.007,0.003,0.007,0.006,0.005,0.007,0.012,0.014,0.011,0.01,0.012,0.003,0.002,0.006,0.006,0.002,0.004,0.003
female,3,160000,0.004,0.001,0.0,0.0,0.0,0.0,0.0,0.001,0.0,0.0,0.0,0.0,0.004,0.001,0.002,0.005,0.004,0.006,0.005,0.007,0.01,0.008,0.006,0.003,0.007,0.006,0.005,0.007,0.014,0.016,0.011,0.004,0.012,0.017,0.009,0.011,0.013,0.013,0.013,0.014,0.016,0.013,0.014,0.012,0.012,0.011,0.006,0.003
female,3,120000,0.066,0.056,0.033,0.023,0.013,0.015,0.01,0.01,0.015,0.014,0.032,0.036,0.066,0.063,0.08,0.075,0.085,0.099,0.11,0.128,0.122,0.13,0.128,0.155,0.164,0.163,0.186,0.2,0.201,0.208,0.221,0.261,0.278,0.282,0.259,0.314,0.331,0.376,0.397,0.459,0.494,0.535,0.501,0.462,0.357,0.282,0.142,0.099
female,3,080000,0.0,0.0,0.0,0.0,0.0,0.0,0.0,0.0,0.0,0.0,0.0,0.0,0.001,0.001,0.002,0.002,0.008,0.017,0.016,0.015,0.018,0.019,0.017,0.014,0.012,0.012,0.011,0.009,0.006,0.006,0.013,0.014,0.011,0.014,0.01,0.008,0.003,0.001,0.0,0.0,0.001,0.0,0.0,0.0,0.0,0.0,0.0,0.0
female,3,010101,0.897,0.921,0.944,0.953,0.963,0.964,0.952,0.947,0.917,0.908,0.819,0.743,0.582,0.487,0.354,0.303,0.184,0.149,0.104,0.091,0.059,0.054,0.047,0.043,0.035,0.045,0.038,0.042,0.044,0.051,0.048,0.053,0.047,0.042,0.039,0.039,0.041,0.043,0.049,0.058,0.08,0.119,0.214,0.329,0.469,0.607,0.776,0.84
female,3,070000,0.0,0.0,0.0,0.0,0.0,0.0,0.0,0.0,0.0,0.0,0.0,0.001,0.001,0.004,0.01,0.018,0.017,0.021,0.053,0.042,0.039,0.033,0.038,0.044,0.048,0.057,0.064,0.06,0.085,0.071,0.059,0.046,0.041,0.046,0.053,0.044,0.041,0.048,0.028,0.037,0.023,0.018,0.009,0.003,0.001,0.002,0.001,0.0
female,3,050000,0.014,0.013,0.012,0.013,0.011,0.006,0.012,0.02,0.02,0.03,0.034,0.06,0.091,0.127,0.198,0.261,0.326,0.355,0.378,0.394,0.398,0.394,0.393,0.375,0.313,0.334,0.344,0.362,0.366,0.362,0.315,0.275,0.233,0.19,0.147,0.103,0.086,0.079,0.063,0.058,0.059,0.046,0.037,0.035,0.036,0.046,0.02,0.016
female,3,030000,0.0,0.002,0.0,0.002,0.001,0.0,0.002,0.0,0.004,0.004,0.006,0.009,0.04,0.047,0.061,0.054,0.036,0.031,0.024,0.024,0.022,0.023,0.02,0.016,0.026,0.023,0.024,0.02,0.022,0.04,0.049,0.038,0.035,0.034,0.044,0.03,0.035,0.034,0.053,0.051,0.048,0.053,0.041,0.024,0.015,0.008,0.007,0.001
female,3,500106,0.0,0.0,0.0,0.0,0.0,0.0,0.0,0.001,0.0,0.0,0.003,0.005,0.002,0.002,0.009,0.007,0.009,0.006,0.006,0.009,0.007,0.004,0.006,0.005,0.004,0.002,0.001,0.003,0.003,0.003,0.003,0.006,0.005,0.006,0.003,0.003,0.003,0.002,0.002,0.002,0.009,0.003,0.002,0.001,0.002,0.0,0.0,0.0
female,3,010000,0.022,0.013,0.007,0.006,0.015,0.019,0.022,0.023,0.031,0.04,0.084,0.096,0.188,0.17,0.124,0.109,0.118,0.095,0.08,0.055,0.052,0.043,0.042,0.034,0.035,0.038,0.03,0.026,0.031,0.028,0.025,0.039,0.025,0.026,0.026,0.05,0.035,0.041,0.053,0.054,0.066,0.094,0.108,0.085,0.096,0.067,0.058,0.034
female,3,110000,0.005,0.0,0.001,0.0,0.003,0.002,0.0,0.004,0.009,0.01,0.018,0.023,0.046,0.081,0.08,0.056,0.077,0.061,0.056,0.041,0.045,0.034,0.065,0.086,0.185,0.136,0.118,0.079,0.059,0.037,0.042,0.03,0.039,0.049,0.109,0.122,0.16,0.148,0.142,0.101,0.088,0.07,0.046,0.02,0.014,0.009,0.008,0.002
female,3,other,0.0,0.0,0.0,0.0,0.001,0.0,0.0,0.0,0.001,0.001,0.0,0.004,0.003,0.012,0.01,0.01,0.014,0.013,0.014,0.027,0.015,0.023,0.019,0.019,0.013,0.01,0.011,0.011,0.011,0.013,0.02,0.018,0.012,0.009,0.011,0.009,0.015,0.013,0.015,0.017,0.01,0.018,0.013,0.007,0.004,0.003,0.001,0.001
female,3,180000,0.005,0.004,0.001,0.001,0.0,0.002,0.006,0.007,0.006,0.015,0.019,0.039,0.073,0.12,0.152,0.175,0.172,0.134,0.144,0.104,0.102,0.102,0.091,0.106,0.145,0.166,0.149,0.117,0.172,0.171,0.224,0.19,0.179,0.171,0.219,0.164,0.166,0.15,0.121,0.106,0.105,0.067,0.051,0.035,0.037,0.033,0.027,0.01
female,4,060000,0.003,0.002,0.002,0.0,0.001,0.0,0.0,0.0,0.0,0.0,0.0,0.0,0.0,0.0,0.0,0.0,0.0,0.001,0.001,0.002,0.004,0.003,0.003,0.003,0.003,0.003,0.004,0.005,0.003,0.006,0.006,0.005,0.004,0.006,0.005,0.005,0.005,0.005,0.005,0.005,0.003,0.001,0.003,0.001,0.001,0.001,0.001,0.003
female,4,150000,0.0,0.0,0.0,0.0,0.0,0.0,0.0,0.0,0.0,0.0,0.0,0.0,0.002,0.002,0.006,0.009,0.004,0.009,0.018,0.016,0.015,0.017,0.013,0.015,0.012,0.019,0.011,0.012,0.011,0.01,0.012,0.012,0.011,0.012,0.01,0.015,0.017,0.018,0.02,0.013,0.013,0.01,0.003,0.003,0.006,0.006,0.002,0.002
female,4,040000,0.001,0.001,0.002,0.002,0.001,0.0,0.0,0.0,0.0,0.001,0.001,0.0,0.001,0.001,0.005,0.014,0.021,0.032,0.029,0.022,0.025,0.037,0.032,0.022,0.031,0.023,0.029,0.019,0.022,0.029,0.041,0.031,0.03,0.039,0.038,0.033,0.019,0.016,0.022,0.019,0.015,0.017,0.014,0.009,0.007,0.003,0.0,0.003
female,4,020000,0.01,0.003,0.003,0.002,0.007,0.004,0.011,0.002,0.008,0.021,0.069,0.049,0.13,0.132,0.216,0.202,0.233,0.207,0.206,0.186,0.224,0.209,0.223,0.213,0.196,0.171,0.194,0.196,0.193,0.187,0.21,0.187,0.231,0.249,0.274,0.264,0.257,0.232,0.213,0.167,0.113,0.078,0.072,0.063,0.053,0.039,0.027,0.02
female,4,130000,0.0,0.0,0.0,0.0,0.0,0.0,0.0,0.0,0.0,0.001,0.006,0.009,0.012,0.015,0.017,0.021,0.014,0.017,0.023,0.018,0.015,0.012,0.009,0.008,0.007,0.01,0.011,0.013,0.016,0.01,0.012,0.012,0.015,0.013,0.015,0.019,0.022,0.021,0.016,0.013,0.008,0.004,0.006,0.002,0.001,0.002,0.001,0.0
female,4,140000,0.002,0.0,0.0,0.0,0.0,0.0,0.001,0.0,0.001,0.003,0.005,0.007,0.008,0.015,0.017,0.013,0.013,0.011,0.018,0.023,0.024,0.025,0.028,0.025,0.022,0.019,0.016,0.01,0.007,0.004,0.003,0.006,0.005,0.012,0.006,0.006,0.004,0.007,0.008,0.005,0.01,0.004,0.004,0.006,0.005,0.003,0.004,0.001
female,4,160000,0.001,0.0,0.0,0.0,0.0,0.0,0.0,0.001,0.0,0.0,0.002,0.002,0.0,0.0,0.003,0.001,0.005,0.006,0.006,0.009,0.009,0.008,0.02,0.011,0.006,0.007,0.006,0.011,0.008,0.005,0.008,0.013,0.017,0.018,0.012,0.028,0.021,0.024,0.02,0.018,0.015,0.01,0.018,0.02,0.009,0.004,0.005,0.0
female,4,120000,0.089,0.064,0.039,0.025,0.022,0.019,0.012,0.016,0.017,0.026,0.036,0.045,0.085,0.085,0.097,0.108,0.127,0.129,0.153,0.161,0.163,0.16,0.157,0.173,0.21,0.208,0.208,0.222,0.239,0.243,0.279,0.302,0.285,0.307,0.319,0.358,0.372,0.431,0.478,0.564,0.598,0.632,0.596,0.526,0.398,0.302,0.208,0.149
female,4,080000,0.0,0.0,0.0,0.0,0.0,0.0,0.0,0.0,0.0,0.0,0.0,0.001,0.001,0.001,0.003,0.005,0.013,0.018,0.014,0.012,0.018,0.015,0.017,0.016,0.021,0.011,0.013,0.021,0.014,0.013,0.011,0.018,0.009,0.021,0.013,0.008,0.004,0.002,0.001,0.002,0.002,0.0,0.0,0.0,0.0,0.0,0.0,0.0
female,4,010101,0.867,0.9,0.93,0.942,0.947,0.952,0.956,0.95,0.916,0.899,0.836,0.752,0.606,0.506,0.367,0.292,0.185,0.145,0.094,0.081,0.056,0.049,0.042,0.039,0.031,0.036,0.04,0.038,0.043,0.044,0.046,0.044,0.035,0.029,0.018,0.024,0.027,0.024,0.035,0.05,0.084,0.117,0.203,0.3,0.477,0.588,0.724,0.801
female,4,070000,0.0,0.0,0.0,0.0,0.0,0.0,0.0,0.0,0.0,0.0,0.005,0.006,0.006,0.004,0.005,0.01,0.019,0.028,0.037,0.041,0.043,0.061,0.05,0.065,0.076,0.071,0.062,0.064,0.057,0.051,0.037,0.041,0.047,0.045,0.041,0.032,0.028,0.025,0.021,0.022,0.015,0.013,0.01,0.001,0.001,0.002,0.003,0.0
female,4,050000,0.017,0.017,0.014,0.015,0.014,0.014,0.014,0.017,0.019,0.022,0.027,0.043,0.074,0.116,0.141,0.188,0.231,0.27,0.3,0.308,0.312,0.313,0.299,0.29,0.262,0.293,0.307,0.29,0.29,0.302,0.286,0.269,0.22,0.183,0.15,0.108,0.081,0.067,0.059,0.051,0.05,0.057,0.038,0.034,0.029,0.029,0.024,0.019
female,4,030000,0.0,0.0,0.0,0.0,0.0,0.001,0.0,0.0,0.002,0.003,0.002,0.003,0.012,0.009,0.01,0.017,0.018,0.022,0.019,0.016,0.02,0.02,0.02,0.019,0.01,0.019,0.01,0.015,0.017,0.022,0.02,0.014,0.018,0.014,0.008,0.013,0.015,0.011,0.014,0.01,0.015,0.007,0.008,0.01,0.005,0.002,0.0,0.002
female,4,500106,0.0,0.0,0.0,0.0,0.0,0.0,0.0,0.0,0.0,0.0,0.0,0.0,0.001,0.004,0.002,0.007,0.003,0.005,0.007,0.008,0.007,0.003,0.005,0.006,0.002,0.003,0.003,0.001,0.002,0.006,0.005,0.009,0.012,0.006,0.01,0.01,0.008,0.003,0.002,0.002,0.002,0.0,0.0,0.001,0.001,0.002,0.001,0.0
female,4,010000,0.025,0.025,0.023,0.022,0.016,0.013,0.019,0.021,0.045,0.052,0.064,0.088,0.131,0.134,0.147,0.135,0.124,0.09,0.082,0.074,0.065,0.05,0.044,0.044,0.029,0.035,0.024,0.029,0.028,0.023,0.029,0.032,0.032,0.042,0.061,0.048,0.051,0.055,0.051,0.058,0.056,0.067,0.083,0.067,0.098,0.062,0.054,0.038
female,4,110000,0.001,0.001,0.002,0.0,0.001,0.001,0.003,0.001,0.012,0.008,0.022,0.037,0.052,0.084,0.098,0.08,0.096,0.083,0.068,0.067,0.037,0.039,0.096,0.103,0.136,0.121,0.103,0.085,0.057,0.057,0.048,0.038,0.06,0.065,0.127,0.13,0.187,0.175,0.132,0.095,0.075,0.044,0.037,0.031,0.009,0.007,0.005,0.0
female,4,other,0.003,0.001,0.001,0.001,0.001,0.0,0.001,0.001,0.0,0.0,0.003,0.002,0.002,0.009,0.011,0.005,0.007,0.012,0.012,0.012,0.019,0.014,0.012,0.014,0.014,0.012,0.017,0.018,0.013,0.017,0.025,0.023,0.014,0.017,0.012,0.013,0.014,0.01,0.007,0.011,0.011,0.013,0.006,0.006,0.003,0.005,0.003,0.001
female,4,180000,0.003,0.002,0.003,0.001,0.0,0.001,0.001,0.005,0.008,0.013,0.032,0.044,0.073,0.09,0.076,0.106,0.113,0.134,0.113,0.105,0.133,0.126,0.108,0.141,0.181,0.153,0.143,0.148,0.117,0.138,0.143,0.137,0.181,0.172,0.195,0.168,0.138,0.113,0.087,0.081,0.08,0.054,0.053,0.041,0.024,0.022,0.016,0.009
female,5,060000,0.0,0.0,0.0,0.0,0.0,0.0,0.0,0.0,0.0,0.0,0.0,0.0,0.0,0.0,0.0,0.0,0.0,0.0,0.001,0.001,0.003,0.003,0.001,0.001,0.001,0.001,0.002,0.002,0.001,0.001,0.001,0.001,0.001,0.001,0.0,0.0,0.0,0.0,0.0,0.0,0.0,0.0,0.0,0.0,0.0,0.0,0.0,0.0
female,5,150000,0.002,0.002,0.001,0.001,0.001,0.001,0.001,0.001,0.0,0.0,0.002,0.001,0.001,0.001,0.002,0.005,0.013,0.021,0.024,0.03,0.032,0.022,0.025,0.023,0.021,0.022,0.015,0.016,0.02,0.016,0.018,0.019,0.02,0.018,0.014,0.015,0.013,0.015,0.015,0.011,0.01,0.009,0.003,0.004,0.002,0.001,0.001,0.001
female,5,040000,0.0,0.0,0.0,0.0,0.0,0.0,0.0,0.0,0.0,0.001,0.001,0.001,0.001,0.004,0.006,0.004,0.011,0.009,0.008,0.01,0.015,0.016,0.015,0.022,0.022,0.016,0.018,0.02,0.024,0.025,0.023,0.034,0.035,0.026,0.024,0.022,0.016,0.014,0.015,0.011,0.006,0.01,0.006,0.002,0.004,0.001,0.001,0.0
female,5,020000,0.007,0.009,0.003,0.002,0.002,0.003,0.005,0.004,0.018,0.007,0.04,0.055,0.105,0.109,0.208,0.213,0.244,0.263,0.304,0.3,0.29,0.283,0.264,0.286,0.247,0.237,0.223,0.21,0.224,0.213,0.209,0.232,0.238,0.256,0.281,0.269,0.212,0.163,0.143,0.115,0.095,0.075,0.055,0.046,0.034,0.023,0.024,0.011
female,5,130000,0.0,0.0,0.0,0.0,0.0,0.0,0.0,0.0,0.0,0.0,0.002,0.003,0.005,0.009,0.018,0.017,0.019,0.015,0.013,0.011,0.015,0.014,0.017,0.017,0.009,0.008,0.016,0.014,0.018,0.008,0.007,0.005,0.006,0.004,0.008,0.012,0.015,0.017,0.01,0.007,0.006,0.002,0.001,0.001,0.0,0.001,0.002,0.002
female,5,140000,0.002,0.002,0.0,0.0,0.0,0.0,0.0,0.001,0.005,0.004,0.006,0.005,0.01,0.011,0.023,0.024,0.035,0.034,0.027,0.025,0.033,0.035,0.034,0.031,0.015,0.01,0.011,0.008,0.007,0.006,0.005,0.008,0.011,0.015,0.014,0.013,0.014,0.011,0.01,0.016,0.012,0.017,0.012,0.009,0.013,0.008,0.004,0.004
female,5,160000,0.002,0.001,0.001,0.001,0.001,0.001,0.001,0.001,0.001,0.0,0.0,0.0,0.001,0.004,0.005,0.004,0.01,0.012,0.01,0.016,0.016,0.014,0.021,0.016,0.013,0.011,0.01,0.01,0.012,0.017,0.027,0.019,0.021,0.016,0.024,0.014,0.019,0.021,0.02,0.014,0.025,0.013,0.006,0.007,0.006,0.003,0.002,0.003
female,5,120000,0.077,0.057,0.034,0.021,0.018,0.015,0.015,0.019,0.026,0.029,0.036,0.052,0.079,0.099,0.126,0.158,0.195,0.218,0.254,0.269,0.264,0.302,0.3,0.31,0.297,0.359,0.38,0.398,0.412,0.448,0.474,0.462,0.453,0.465,0.434,0.459,0.515,0.599,0.673,0.713,0.735,0.726,0.686,0.614,0.455,0.352,0.202,0.132
female,5,080000,0.0,0.0,0.0,0.0,0.0,0.0,0.0,0.0,0.0,0.0,0.0,0.0,0.001,0.003,0.003,0.006,0.016,0.032,0.034,0.038,0.043,0.044,0.041,0.034,0.03,0.029,0.034,0.025,0.025,0.012,0.013,0.013,0.017,0.005,0.005,0.003,0.002,0.002,0.002,0.002,0.002,0.001,0.001,0.001,0.0,0.0,0.001,0.0
female,5,010101,0.891,0.918,0.944,0.962,0.967,0.971,0.964,0.962,0.942,0.934,0.89,0.846,0.746,0.668,0.487,0.392,0.224,0.171,0.099,0.075,0.038,0.035,0.029,0.034,0.04,0.053,0.065,0.06,0.063,0.065,0.059,0.048,0.043,0.039,0.023,0.021,0.02,0.02,0.026,0.034,0.06,0.092,0.189,0.274,0.457,0.583,0.736,0.817
female,5,070000,0.0,0.0,0.0,0.0,0.0,0.0,0.0,0.0,0.0,0.0,0.0,0.0,0.006,0.0,0.002,0.007,0.01,0.018,0.027,0.041,0.057,0.072,0.063,0.06,0.071,0.065,0.064,0.075,0.076,0.073,0.063,0.045,0.04,0.045,0.036,0.029,0.019,0.016,0.016,0.008,0.006,0.004,0.002,0.001,0.002,0.001,0.0,0.0
female,5,050000,0.002,0.002,0.002,0.002,0.001,0.001,0.002,0.002,0.004,0.004,0.007,0.008,0.009,0.019,0.024,0.038,0.046,0.061,0.06,0.062,0.064,0.066,0.065,0.064,0.06,0.057,0.058,0.057,0.06,0.055,0.051,0.046,0.041,0.033,0.027,0.02,0.016,0.015,0.015,0.011,0.01,0.006,0.008,0.008,0.009,0.005,0.005,0.004
female,5,030000,0.0,0.001,0.001,0.0,0.0,0.0,0.004,0.006,0.001,0.001,0.001,0.002,0.005,0.003,0.009,0.012,0.012,0.008,0.006,0.012,0.012,0.01,0.011,0.012,0.01,0.012,0.007,0.007,0.009,0.006,0.009,0.011,0.011,0.014,0.009,0.011,0.008,0.011,0.014,0.013,0.004,0.009,0.002,0.007,0.001,0.0,0.002,0.001
female,5,500106,0.0,0.0,0.0,0.0,0.0,0.0,0.0,0.0,0.0,0.001,0.001,0.002,0.002,0.006,0.008,0.009,0.014,0.019,0.021,0.029,0.022,0.016,0.018,0.017,0.012,0.011,0.008,0.008,0.004,0.005,0.008,0.014,0.015,0.015,0.013,0.016,0.008,0.008,0.004,0.004,0.002,0.002,0.0,0.001,0.001,0.001,0.0,0.0
female,5,010000,0.022,0.016,0.013,0.015,0.011,0.013,0.015,0.019,0.028,0.026,0.045,0.063,0.085,0.08,0.154,0.16,0.168,0.135,0.133,0.1,0.086,0.063,0.049,0.043,0.037,0.028,0.037,0.032,0.029,0.027,0.038,0.041,0.048,0.046,0.044,0.046,0.047,0.038,0.047,0.039,0.053,0.052,0.082,0.072,0.1,0.063,0.069,0.046
female,5,110000,0.006,0.002,0.0,0.0,0.001,0.0,0.001,0.002,0.004,0.003,0.017,0.014,0.048,0.063,0.11,0.103,0.152,0.132,0.094,0.076,0.079,0.057,0.082,0.103,0.196,0.144,0.1,0.083,0.066,0.036,0.04,0.043,0.057,0.08,0.161,0.176,0.211,0.148,0.109,0.058,0.039,0.032,0.019,0.014,0.013,0.008,0.006,0.002
female,5,other,0.0,0.0,0.001,0.0,0.0,0.0,0.0,0.0,0.001,0.001,0.001,0.001,0.002,0.004,0.008,0.007,0.01,0.007,0.009,0.013,0.01,0.009,0.01,0.014,0.007,0.008,0.013,0.012,0.008,0.011,0.01,0.01,0.009,0.006,0.004,0.005,0.006,0.006,0.006,0.009,0.01,0.007,0.008,0.006,0.004,0.003,0.001,0.0
female,5,180000,0.002,0.002,0.002,0.001,0.0,0.0,0.001,0.001,0.001,0.002,0.008,0.006,0.022,0.035,0.034,0.057,0.074,0.113,0.104,0.111,0.152,0.15,0.149,0.159,0.18,0.153,0.14,0.164,0.163,0.141,0.126,0.122,0.11,0.115,0.125,0.08,0.077,0.069,0.056,0.038,0.039,0.034,0.025,0.022,0.015,0.007,0.008,0.003
